id,domain,status,purchase_price,renewal_price,attractiveness,demand,length,registrar,created_at,expires_at,status_verified_at
a29420a2-42d1-433b-9f8e-16b4dd75bc84,lawful.info,available,3.98,35.98,high,low,6,namecheap,,,22/08/2026 21:21
33d22fa9-b48b-4c8d-a808-98c2d4274b9d,accuse.info,available,5.25,29.49,medium,low,6,namesilo,,,29/09/2026 02:41
e1cf6be2-c05a-4ff9-8124-1ee0c9f1df76,gonna.info,available,5.25,29.49,medium,low,5,namesilo,,,30/09/2026 03:29
bbe20e5e-32e0-4402-ae70-e685e101c7bd,thinkers.info,resell,,,medium,low,8,,,,30/09/2026 16:03
fed7f445-451a-4943-880f-a384fb191481,analyzing.info,resell,,,medium,low,9,,,,29/09/2026 10:50
17c51c2f-0537-4af7-927d-131fc555b63d,monacan.info,available,3.98,35.98,medium,low,7,namecheap,,,25/08/2026 04:01
be406125-21f7-46e2-a7df-4f1c7cea1618,slander.info,resell,,,medium,low,7,,,,30/09/2026 18:39
8758e892-7cba-4aec-bf20-a762afa080ef,enthusiastic.info,available,5.25,29.49,high,low,12,namesilo,,,28/09/2026 11:14
fe711a0e-857c-4629-b5eb-0d011de82ea1,curiae.info,available,5.25,29.49,low,low,6,namesilo,,,01/10/2026 17:28
479d0370-62d6-475f-acea-7cdc135fc11c,attired.info,available,3.98,35.98,medium,low,7,namecheap,,,06/08/2026 04:47
f36cf37f-f265-4f67-900d-605ac7af82c2,animosity.info,available,5.25,29.49,medium,low,9,namesilo,,,19/09/2026 09:20
844c7280-2a20-43a5-b156-70b7b85a15fa,lecherous.info,available,3.98,35.98,medium,low,9,namecheap,,,22/08/2026 22:17
98e66874-e5fc-4252-a563-c33316512346,vehicles.info,resell,,,medium,low,8,NetEarth One Inc. d/b/a NetEarth,13/07/2002 19:26,13/07/2027 19:26,26/09/2026 09:57
7acf51d6-4eae-4d56-a6e1-b2edf0b26dbb,lobes.info,available,3.31,21.94,medium,low,5,spaceship,,,01/10/2026 17:10
5c61b9b5-c8fb-42cf-a56d-4a62c1583614,galloway.info,resell,,,high,low,8,,,,01/10/2026 19:42
833fd3a0-e4c7-4fea-b700-f0bb960faf45,signs.info,resell,,,high,low,5,Dynadot Inc,13/07/2002 19:23,13/07/2035 19:23,26/09/2026 09:01
32cf1983-2135-4d72-9c5e-62f079840f69,tee.info,resell,,,high,low,3,,,,29/09/2026 18:55
41d21f7d-7f92-4591-93ab-42f59f2f58ea,fraternal.info,available,3.98,35.98,high,low,9,namecheap,,,10/08/2026 03:44
6a94d450-5579-45b7-ad75-53e7dbeb3fe7,plains.info,available,5,,medium,low,6,unstoppable,,,29/09/2026 09:36
e02f16ba-5a9c-4496-8040-ac31fd5959f9,misplaced.info,available,3.98,35.98,medium,low,9,namecheap,,,25/08/2026 01:32
94dc93bc-afcd-487b-be1e-14c278a32422,grade.info,premium,5922.5,39.99,high,low,5,"GoDaddy.com, LLC",13/07/2002 19:25,13/07/2027 19:25,23/08/2026 00:34
e695fd7d-c697-43df-96e9-87d554d3d9fc,intoxicated.info,available,3.31,21.94,medium,low,11,spaceship,,,30/09/2026 03:42
6dd3c368-7686-45ef-b02a-4fd3fe812781,earthlike.info,available,3.98,35.98,medium,low,9,namecheap,,,14/08/2026 22:40
b8565b21-962a-4507-be73-d12080450327,cherish.info,resell,,,high,low,7,,,,29/09/2026 08:23
abe87e95-c965-409d-8d3f-7c4ef1c2ab81,irksome.info,available,3.98,35.98,medium,low,7,namecheap,,,10/08/2026 20:01
2b3bf750-9660-4ff5-a884-296408d63837,supremely.info,available,5.25,29.49,medium,low,9,namesilo,,,16/09/2026 07:39
7a303e58-5844-45c8-ad41-9c9dddaeb62b,lifelessly.info,available,5.99,39.99,low,low,10,name.com,,,13/08/2026 19:35
915943af-00bc-47aa-a5a5-c1fe1d112f32,elgar.info,available,5.25,29.49,medium,low,5,namesilo,,,30/09/2026 17:08
55f8f7f9-e872-41d3-ab69-5377b7dbccc3,maze.info,resell,,,high,low,4,Dynadot Inc,23/11/2005 10:02,23/11/2028 10:02,30/09/2026 01:52
bb4ad851-e57f-424d-9794-4c0f7ebc138e,swallowing.info,available,21.2,21.2,high,low,10,cloudflare,,,01/10/2026 23:01
63e3e44e-fe70-4d34-9685-472937f54544,acropolis.info,resell,,,high,low,9,Virtualia LLC,24/02/2025 15:15,24/02/2027 15:15,26/09/2026 01:21
08854cf7-07a5-42ba-a568-671f717f0f46,snitcher.info,available,5.25,29.49,medium,low,8,namesilo,,,19/09/2026 14:14
29d88b72-0ffd-4fd6-99ec-571650151118,supervisor.info,resell,,,high,low,10,"Spaceship, Inc.",04/04/2016 10:05,04/04/2027 10:05,29/09/2026 18:27
ffc1c086-d94f-41b4-a3c9-fc3885137174,allemande.info,available,5.25,29.49,medium,low,9,namesilo,,,18/09/2026 10:46
7e71d51e-a363-4684-b7da-ee938396c52c,mahon.info,available,5.25,29.49,medium,low,5,namesilo,,,28/09/2026 22:25
c087364b-a17e-4990-b92c-5f0e9fa99773,sedated.info,available,3.98,35.98,low,low,7,namecheap,,,16/09/2026 18:04
f022dc8f-7713-469b-a5f1-4c5d67689f55,runner.info,resell,,,high,low,6,"Spaceship, Inc.",10/09/2020 14:30,10/09/2027 14:30,26/09/2026 08:46
b05eef2c-7eb3-477d-8f12-39507f5403c7,notched.info,available,3.98,35.98,medium,low,7,namecheap,,,17/08/2026 12:35
712b6839-8255-405f-803b-67b6b850c0d0,accelerate.info,resell,,,high,low,10,,,,29/09/2026 02:40
7486943e-5df7-4e75-98e1-1bf29702b179,pier.info,resell,,,high,low,4,,,,28/09/2026 06:35
5003aeda-85aa-48d0-ba49-8dd14b53210e,awe.info,resell,,,high,low,3,"GoDaddy.com, LLC",25/11/2022 15:15,25/11/2026 15:15,28/09/2026 23:47
82373292-b46a-4db6-b131-fe3a37da85f8,displayed.info,available,3.31,21.94,medium,low,9,spaceship,,,28/09/2026 21:19
4b36d1f1-56dc-4c5c-aba2-308b109a0ec4,jehovah.info,available,,,high,low,7,,,,
7f352944-40b0-4cd8-a5c2-fd024d5f0136,townshend.info,available,5.25,29.49,medium,low,9,namesilo,,,29/09/2026 04:20
dc4e7f8f-d7dc-4e4c-873c-fc27172891f5,wally.info,resell,,,high,low,5,,,,02/10/2026 06:39
4e2bb1b6-ae79-48b8-bb7a-37d5ff85436b,gizmo.info,resell,,,high,low,5,"GoDaddy.com, LLC",14/09/2001 01:48,14/09/2028 01:48,26/09/2026 06:23
3031565d-4a4c-49a6-84f4-b87c7aeeb9c1,peacefully.info,available,3.98,35.98,high,low,10,namecheap,,,15/09/2026 19:23
491fd156-2dad-49c7-ba64-dc0f90979f88,degrading.info,available,5.99,39.99,medium,low,9,name.com,,,13/08/2026 20:10
9fc73e28-4696-4277-916b-0b7ff59b3091,uninspired.info,available,3.98,35.98,medium,low,10,namecheap,,,12/09/2026 13:05
864ce418-d213-4030-9425-e766edac2389,delusory.info,available,3.98,35.98,low,low,8,namecheap,,,13/08/2026 21:18
a4684e6a-2125-48ac-9717-811739ec3b76,jensen.info,resell,,,high,low,6,Netregistry Wholesale Pty Ltd,19/11/2024 17:00,19/11/2026 17:00,26/09/2026 06:59
33add489-f170-4d16-8858-6dee8b07c860,valdez.info,resell,,,medium,low,6,,,,28/09/2026 20:43
89e0c46a-7643-48f9-a682-c9d319be52a1,agonist.info,available,3.98,35.98,medium,low,7,namecheap,,,17/09/2026 18:56
7be1e49d-b98b-4621-b624-f9f0d6855bff,limoges.info,available,5.25,29.49,medium,low,7,namesilo,,,02/10/2026 00:18
017f8cda-fcc0-41c3-98c3-36c212c1802e,villainous.info,available,3.98,35.98,medium,low,10,namecheap,,,03/09/2026 14:59
7b86012e-237e-4d48-ab87-f6c81e9cdaf3,acrogen.info,available,5.25,29.49,medium,low,7,namesilo,,,17/09/2026 03:44
455da2af-da04-4f73-a618-1c53887d39da,nonviolent.info,available,3.98,35.98,high,low,10,namecheap,,,03/09/2026 21:04
a754f196-b1ec-4810-9205-1059e958456b,acetic.info,available,3.98,35.98,medium,low,6,namecheap,,,
332d0957-ead7-4730-a4d1-cc1503b1c54a,adventurous.info,available,3.31,21.94,high,low,11,spaceship,,,29/09/2026 14:20
381e769e-7d87-469c-a370-fcd0db1f6326,simmons.info,resell,,,medium,low,7,,,,28/09/2026 07:47
5aa3a2a6-e4a9-484f-ad46-22f4ecff451e,spare.info,resell,,,high,low,5,"Sav.com, LLC - 20",28/03/2026 15:15,28/03/2027 15:15,26/09/2026 09:11
f9f08512-6811-4c83-bb5c-12821c6a6b9b,backslider.info,available,5.25,29.49,medium,low,10,namesilo,,,21/09/2026 15:58
77ee1dfc-17b0-42db-a6c7-69e12257f406,unchanged.info,available,3.98,35.98,medium,low,9,namecheap,,,12/09/2026 00:32
0cf9ed73-07fc-44ac-9239-f940258d6122,activity.info,resell,2875,2875,high,low,8,"GoDaddy.com, LLC",13/07/2002 19:26,13/07/2027 19:26,28/09/2026 18:06
b75de34a-1f57-4336-ae57-40ef17d1b7a6,antido.info,available,3.98,35.98,medium,low,6,namecheap,,,19/09/2026 14:17
51d7c4f5-c290-4e89-91e6-ec81d0096cc6,pharma.info,resell,,,high,low,6,,,,02/10/2026 04:38
4ce1a47e-ef3a-4d15-831c-5b01700a1354,improvised.info,available,3.98,35.98,medium,low,10,namecheap,,,21/08/2026 23:19
b36c363d-50f5-47cc-9cfc-5c9088a50832,apodemus.info,available,3.98,35.98,medium,low,8,namecheap,,,19/09/2026 18:19
2e9e7827-0c46-4f54-ad25-57f2936ab1b6,abdias.info,available,5.25,29.49,medium,low,6,namesilo,,,16/09/2026 14:41
bb434fcc-a223-4eeb-8d7a-dc3d7bdeda79,lap.info,resell,,,high,low,3,InterNetX GmbH,07/12/2004 09:51,07/12/2026 09:51,28/09/2026 02:11
f641b986-5373-4558-999d-509861216ef6,zend.info,available,3.98,35.98,medium,low,4,namecheap,,,07/08/2026 23:12
2080ccd8-753f-4f6f-81fe-7e7ac89c6bab,oddly.info,available,3.31,21.94,medium,low,5,spaceship,,,28/09/2026 14:28
274840bf-1684-4cbc-a3d8-5b18c129766b,soule.info,available,3.31,21.94,medium,low,5,spaceship,,,30/09/2026 20:15
4f91cad2-b14e-4325-b473-b5d18e1f4fa0,roundabout.info,resell,,,medium,low,11,"Sav.com, LLC - 26",25/07/2026 15:15,25/07/2027 15:15,26/09/2026 08:44
db169d43-98de-4487-b16d-e66a065e559c,sand.info,resell,,,high,low,4,Dynadot Inc,26/11/2004 10:11,26/11/2027 10:11,26/09/2026 08:48
bb861415-e596-4fbc-8a05-1ee5d62733b3,unholy.info,available,3.98,35.98,medium,low,6,namecheap,,,14/08/2026 01:33
ef4a1819-3b18-4568-acad-c156e63690b1,barcarolle.info,available,5.25,29.49,medium,low,10,namesilo,,,22/09/2026 05:06
3730f9c1-ba45-40cc-8dad-2e8a7885da36,abulia.info,available,5.25,29.49,medium,low,6,namesilo,,,16/09/2026 16:41
36e32efe-6780-4cb2-a10c-b4d16a1122c4,beheaded.info,available,3.98,35.98,low,low,8,namecheap,,,09/08/2026 10:21
76edd6f3-cb6a-4be9-8190-a78433be06e6,citing.info,available,5.25,29.49,high,low,6,namesilo,,,01/10/2026 06:07
e00d6593-47d8-44a2-8b55-279d3ed80a82,intruder.info,available,21.2,21.2,medium,low,8,cloudflare,,,29/09/2026 13:09
cc9142f4-8062-446b-ada0-9e64400b862a,technol.info,available,5.25,29.49,medium,low,7,namesilo,,,30/09/2026 06:44
fd260af0-d566-4a7a-9961-70324c0deb77,iii.info,resell,,,high,low,3,"Megazone Corp., dba HOSTING.KR",13/07/2002 19:24,13/07/2027 19:24,26/09/2026 06:48
62647ef9-0c53-4e80-8a4e-8d13b4398bd2,canberra.info,resell,,,high,low,8,CommuniGal Communication Ltd.,21/09/2001 03:29,21/09/2028 03:29,26/09/2026 04:44
6f11a43a-a8cb-46be-bee2-cdba66dfbba7,extremity.info,available,3.98,35.98,medium,low,9,namecheap,,,19/09/2026 20:32
a62ec82d-9f5d-47a2-bcfc-c1affe20e922,minister.info,resell,,,high,low,8,"Sav.com, LLC - 42",06/05/2026 15:15,06/05/2027 15:15,26/09/2026 07:34
14bd2ac4-4784-4ccf-adcd-d4efc2e1b4c8,suspense.info,available,3.98,35.98,high,low,8,namecheap,,,30/09/2026 12:39
f21b4ada-70be-401e-ae33-a2686dea6a2b,disposal.info,resell,,,high,low,8,"Spaceship, Inc.",31/01/2023 23:54,31/01/2027 23:54,26/09/2026 05:36
0e904d1b-0ca0-46be-a036-16824f826239,alumni.info,resell,,,high,low,6,,,,29/09/2026 23:10
ae5d6245-7ce7-4d81-966b-192b84517d31,job.info,resell,,,high,medium,3,"GoDaddy.com, LLC",31/07/2001 13:00,31/07/2027 13:00,29/09/2026 03:34
f2bedd74-4ebf-43ce-9c87-13af95a41569,utilizing.info,available,5.25,29.49,medium,low,9,namesilo,,,01/10/2026 17:30
1ea7ccb5-2316-4ee8-9e3c-603aeb222b96,paddlefish.info,available,3.98,35.98,medium,low,10,namecheap,,,14/08/2026 20:48
ee8a183d-bd44-4abf-8f9e-dd273df7d201,bna.info,resell,,,medium,low,3,,,,01/10/2026 07:03
ed82e854-e19b-4412-940d-9fb6be38e0b3,annon.info,available,3.98,35.98,medium,low,5,namecheap,,,19/09/2026 10:29
c35b9ed5-afff-4bf8-86f8-508f19edaa3a,returned.info,available,3.31,21.94,high,low,8,spaceship,,,01/10/2026 19:02
dce3961b-2958-41dd-a987-25d74b876962,helper.info,resell,,,high,low,6,Dynadot Inc,21/09/2001 10:05,21/09/2027 10:05,26/09/2026 06:38
b300591b-2ab3-4427-952c-a0aa093bbcbd,hearable.info,available,3.98,35.98,medium,low,8,namecheap,,,07/08/2026 16:35
af90a03b-6efa-4027-8f7f-f50fa9bd7188,artichoke.info,resell,,,high,low,9,Moniker Online Services LLC,28/11/2003 22:24,28/11/2026 22:24,26/09/2026 04:02
1cc712fc-97ec-43f2-982c-f4eb9152acda,great.info,resell,,,high,medium,5,"Sea Wasp, LLC",19/09/2006 09:36,19/09/2027 09:36,26/09/2026 06:29
fa58b7ce-91ff-492d-a82d-f3370dd62108,hangs.info,available,5.25,29.49,low,low,5,namesilo,,,28/09/2026 08:56
ecf06c8a-d1ce-4cca-9867-ffbc3b04a838,doubtless.info,available,3.98,35.98,high,low,9,namecheap,,,14/09/2026 13:54
b02ac978-687e-4c4e-aaea-0aa9731703a3,scripts.info,resell,,,medium,low,7,,,,29/09/2026 05:41
e80ac38d-71df-44d5-8a50-bb839ba83440,xxv.info,resell,,,medium,low,3,Dynadot Inc,30/05/2026 17:04,30/05/2027 17:04,26/09/2026 10:15
0e30b3f1-8a47-4792-979e-41797846fa7f,crocked.info,available,3.98,35.98,low,low,7,namecheap,,,09/08/2026 15:34
edb5f9a0-b2c5-44ab-addf-69637a10656a,throwing.info,available,5.25,29.49,high,low,8,namesilo,,,27/09/2026 08:46
fc7ef9ef-270b-4297-962c-3f192a07763f,raisins.info,available,3.99,22.69,medium,low,7,dynadot,,,02/10/2026 02:55
33372700-04dc-499c-b6da-c1a46c609b61,nanda.info,resell,,,medium,low,5,,,,30/09/2026 22:08
a6553cd4-ce2e-4a0b-81aa-290b013a7cc7,paniculate.info,available,3.98,35.98,medium,low,10,namecheap,,,05/09/2026 01:01
af65d206-bca0-4479-946f-378f6f733804,relinquish.info,available,3.99,22.69,high,low,10,dynadot,,,01/10/2026 21:29
17d3411d-8e00-42bd-827a-afde8b8fd2a9,vicarious.info,available,3.98,35.98,medium,low,9,namecheap,,,13/09/2026 05:15
19c793f1-bccf-4462-adb1-69ae96713f59,criminal.info,resell,,,high,low,8,"GoDaddy.com, LLC",13/07/2002 19:27,13/07/2027 19:27,26/09/2026 05:20
12edb4f0-f1e7-4f24-90f1-e359bf1a27d2,concentrating.info,available,5.25,29.49,low,low,13,namesilo,,,29/09/2026 11:35
1c3fe05e-352f-4383-8117-e2e3a7f8459b,narrowing.info,available,3.98,35.98,high,low,9,namecheap,,,12/08/2026 23:00
aaec0c75-5080-4606-b41a-3621fc9c9c99,busty.info,resell,,,medium,low,5,Register.ca Inc.,15/09/2001 07:02,15/09/2027 07:02,26/09/2026 04:41
8f657164-27a4-4508-a26e-97ff9f3ea2c6,faculty.info,resell,,,high,low,7,,,,28/09/2026 09:44
4ab2ff8b-14a5-43fb-ae7e-38b3ec395306,refrigerator.info,resell,,,high,low,12,InterNetX GmbH,15/09/2001 07:09,15/09/2027 07:09,01/10/2026 01:17
23878776-8894-4575-8cbf-f2157bb5c073,immensely.info,available,3.98,35.98,high,low,9,namecheap,,,15/09/2026 01:58
7b948770-2b24-4c30-b4e3-fd7eee1ccaa0,excess.info,resell,,,high,low,6,Dynadot Inc,05/04/2006 09:37,05/04/2028 09:37,26/09/2026 05:56
8d7c05ec-056a-4a61-a8da-6c1289438aa3,unwell.info,available,3.98,35.98,medium,low,6,namecheap,,,25/09/2026 15:06
f5d1f7f5-12ef-4850-be42-482dd9e28abc,enough.info,resell,,,high,low,6,"Spaceship, Inc.",13/02/2018 11:54,13/02/2027 11:54,26/09/2026 05:51
78b0ff27-5f0c-4bf0-b7e2-29d3f0d7c638,sprout.info,resell,,,high,low,6,,,,02/10/2026 06:29
17f997f0-e440-4936-9342-d98e1f1d1ea9,motivational.info,resell,,,high,low,12,,,,30/09/2026 12:17
875c4ea5-47ce-4f22-8b87-0fcfe6314ad1,sesotho.info,available,5.25,29.49,medium,low,7,namesilo,,,22/09/2026 13:00
fa55dbb9-0e93-4c8a-ac04-7deb4d6d045e,reaction.info,resell,,,high,low,8,"Sav.com, LLC - 41",25/05/2026 15:16,25/05/2027 15:16,26/09/2026 08:30
ac00d588-645c-4017-b3bb-d149f4d0fd8b,bimetal.info,available,3.98,35.98,high,low,7,namecheap,,,09/08/2026 22:52
2bbdb9b4-eb25-4322-85a7-a8f096f10c91,passports.info,resell,,,high,low,9,"GoDaddy.com, LLC",02/10/2025 15:16,02/10/2027 15:16,26/09/2026 08:03
7c8be211-f04e-4e6e-857e-f52d8b3459ec,virtuoso.info,resell,,,high,low,8,Netregistry Wholesale Pty Ltd,14/03/2025 15:15,14/03/2027 15:15,26/09/2026 10:00
8afc109d-ecb2-4871-abad-abdea6b8e032,wheezing.info,available,3.98,35.98,medium,low,8,namecheap,,,07/08/2026 09:25
9099fce0-a090-443a-aae8-b4a1f5da027b,licenced.info,available,5.25,29.49,medium,low,8,namesilo,,,21/09/2026 15:56
632d6c6f-d160-47bb-8100-f512f0b7ec6a,obtaining.info,available,3.31,21.94,low,low,9,spaceship,,,30/09/2026 23:25
d91c6173-1e86-4074-9a18-d10e8743536b,freezer.info,resell,,,high,low,7,,,,29/09/2026 07:08
dbb1f054-b5bc-4e8c-b235-adc4685a0d50,cagy.info,resell,,,medium,low,4,Dynadot Inc,25/01/2026 13:36,25/01/2027 13:36,26/09/2026 04:42
ff63e9e6-604a-4311-a86f-74edfa8abbb2,wrathful.info,available,3.98,35.98,medium,low,8,namecheap,,,13/09/2026 13:36
4144e15c-bcc5-4166-b8f7-744a223dcd48,absolute.info,resell,2286.2,35.99,high,low,8,Netregistry Wholesale Pty Ltd,05/03/2017 10:35,05/03/2027 10:35,26/09/2026 01:19
8121aa37-4cc3-48aa-9201-8fb9af527e39,unaware.info,available,3.98,35.98,medium,low,7,namecheap,,,22/08/2026 01:38
a8c849ba-e6f2-43ba-8541-ee21a89185b3,haircuts.info,resell,,,medium,low,8,"Network Solutions, LLC",29/11/2023 22:08,29/11/2026 22:08,26/09/2026 06:32
706c8f43-fde8-4b39-aca0-a923a3826455,bugs.info,resell,,,medium,low,4,"GoDaddy.com, LLC",13/07/2002 19:23,13/07/2027 19:23,26/09/2026 04:39
e8551bb0-0d50-419b-9c25-dc19fe5e92cf,fade.info,resell,,,high,low,4,,,,28/09/2026 05:41
86000380-ac0c-4bbb-89db-b3843b3c4b3e,loving.info,resell,,,high,low,6,"NameCheap, Inc.",14/09/2001 17:47,14/09/2027 17:47,26/09/2026 07:19
56b25f65-39f8-4c23-8fe2-271f1ba8751b,bar.info,resell,,,high,low,3,"eNom, LLC",13/07/2002 19:45,13/07/2027 19:45,29/09/2026 01:04
69e650a0-bb6d-43d9-b0bd-e321e14cec60,avian.info,resell,,,high,low,5,"Sav.com, LLC - 30",26/06/2026 15:16,26/06/2027 15:16,26/09/2026 04:10
546e964d-5599-4efc-b805-266eccf370d9,nonlinear.info,resell,,,medium,low,9,"Sav.com, LLC - 29",21/06/2026 15:15,21/06/2027 15:15,26/09/2026 07:48
3911ef5c-4c4e-4be5-aac4-2fc9a9c63014,usd.info,resell,,,high,low,3,,,,28/09/2026 03:31
35ee55c5-440b-40e8-a574-d68cbf05b48a,milfoil.info,available,5.25,29.49,medium,low,7,namesilo,,,17/09/2026 00:37
b7b8d3d3-7b12-4dde-a1ad-b41d919c58ec,sneaker.info,resell,,,high,low,7,"Spaceship, Inc.",15/02/2020 10:16,15/02/2027 10:16,26/09/2026 09:06
bf093e84-3eaa-426f-8570-4bcf95adb17e,hump.info,resell,,,medium,low,4,Dynadot Inc,29/05/2026 17:00,29/05/2027 17:00,26/09/2026 06:46
c22c8d67-2060-450e-9c19-d9da16675b00,bushnell.info,available,3.6,22.14,medium,low,8,porkbun,,,29/09/2026 11:50
97064e45-9761-492e-aed1-1aff8c8a2735,covalent.info,resell,,,medium,low,8,"Sav.com, LLC - 28",06/06/2026 15:15,06/06/2027 15:15,26/09/2026 05:17
89ad373c-57a8-4662-b000-866a2d37db4d,undressed.info,available,3.98,35.98,medium,low,9,namecheap,,,12/09/2026 00:51
3f6c6960-13fb-4573-8621-80aa6c328b95,ananias.info,available,5.25,29.49,low,low,7,namesilo,,,19/09/2026 02:03
b1dd06c8-3940-4359-a515-595f48675434,soundlike.info,available,4.75,29.49,low,low,10,namesilo,,,
96c71dae-c043-4ecd-a342-4ad1139ef9d1,treatment.info,resell,,,high,low,9,"GoDaddy.com, LLC",30/07/2001 15:09,30/07/2027 15:09,28/09/2026 08:22
2a49e460-d2c6-4aeb-9e0c-7f742922ba9b,glory.info,resell,,,high,low,5,Dynadot Inc,10/12/2020 14:30,10/12/2027 14:30,29/09/2026 20:52
913327c3-3ca4-412a-ae04-ed19a0ec94e1,comely.info,available,,,medium,low,6,,,,
a7ca8dbd-2ebf-4f40-9b04-b405a6fb79b6,determinant.info,available,3.6,22.14,high,low,11,porkbun,,,30/09/2026 19:21
5ea2150e-f00b-4cf1-bae0-8e93503221f2,kale.info,resell,,,high,low,4,"Sav.com, LLC - 10",11/12/2025 15:15,11/12/2026 15:15,26/09/2026 07:03
06fb6ae4-7443-4bbb-be37-7b5489d9a795,snarl.info,available,3.98,35.98,medium,low,5,namecheap,,,24/08/2026 16:56
d7619b08-b3a5-4163-bfb6-075588ed1868,amorist.info,available,5.25,29.49,medium,low,7,namesilo,,,18/09/2026 22:43
c0ab80f6-6cf5-4f3c-b8a6-df1a8b1928f4,apophthegm.info,available,5.25,29.49,medium,low,10,namesilo,,,19/09/2026 17:11
5e62b9ad-83e1-4d22-af40-f02848ae565d,sozzled.info,available,3.98,35.98,low,low,7,namecheap,,,09/08/2026 16:23
4a5912b5-15ed-4fe7-8a78-19f8478d6b68,bag.info,resell,,,high,low,3,"eNom, LLC",13/07/2002 20:17,13/07/2027 20:17,26/09/2026 04:13
cca3fdf3-1bdd-4919-b24c-1272427bb700,diocesan.info,available,3.98,35.98,medium,low,8,namecheap,,,14/08/2026 08:18
f918afcd-fc63-4205-a9ef-18e5f84b5014,shu.info,resell,,,medium,low,3,,,,27/09/2026 21:11
33623bbd-1288-40c7-ae42-384c4e4eb219,hillsboro.info,available,21.2,21.2,medium,low,9,cloudflare,,,29/09/2026 04:37
ed9aec74-a2ab-4989-b8ad-9ef4ab6f85f3,lhasa.info,resell,,,medium,low,5,Dynadot Inc,15/09/2026 19:09,15/09/2027 19:09,26/09/2026 07:13
862ffc82-296e-4ca6-a2c8-d93e51655955,cortlandt.info,available,3.98,35.98,medium,low,9,namecheap,,,30/09/2026 22:25
70ee121a-15d3-466f-aba7-4350af3cf813,gratefully.info,available,3.98,35.98,medium,low,10,namecheap,,,13/09/2026 20:28
d9b9fde2-ad9f-4257-8de5-ee8b8f0cd02f,powerfully.info,available,3.98,35.98,medium,low,10,namecheap,,,15/09/2026 21:10
ec2d72d3-f689-4945-a807-a1f4ee10f77b,laotian.info,available,3.98,35.98,medium,low,7,namecheap,,,22/08/2026 19:36
12b353a9-6f1d-46a8-8594-ed0d056d84c3,lopsided.info,available,3.98,35.98,medium,low,8,namecheap,,,07/08/2026 03:41
1043f3bc-3bff-49f7-b6dd-c5caccf49c14,basic.info,resell,,,high,low,5,Dynadot Inc,13/07/2002 19:29,13/07/2027 19:29,26/09/2026 04:17
9770004b-5d53-40ce-a401-a050a63c5c07,warmth.info,resell,,,high,low,6,,,,28/09/2026 11:06
3fb7ea18-22ce-4da6-adf6-e60268ea6685,pak.info,resell,,,high,low,3,,,,28/09/2026 03:33
7c230252-61e9-4b94-bc7e-45d65d5f2dbb,fulfil.info,resell,,,high,low,6,,,,01/10/2026 22:07
27176a42-963d-473e-ab7d-37db075ae038,deteriorate.info,available,3.31,21.94,medium,low,11,spaceship,,,01/10/2026 22:25
3295a7bb-b393-45f6-8d18-71144b0da498,uppish.info,available,3.98,35.98,low,low,6,namecheap,,,09/08/2026 20:46
580d9bc9-4699-4553-90ac-7422f43af5ee,regularly.info,available,3.98,35.98,medium,low,9,namecheap,,,15/09/2026 17:25
80fe92e0-2b56-4d6d-bbfb-00847bba4f41,apologized.info,available,5,,low,low,10,unstoppable,,,29/09/2026 05:55
285b9603-9e80-4894-b1ee-bf4f6f8fab86,washer.info,resell,,,medium,low,6,RegistryGate GmbH,09/12/2010 10:15,09/12/2026 10:15,26/09/2026 10:04
f7a3f669-082c-4640-86e2-85adb2db5a44,bergen.info,resell,,,high,low,6,InterNetX GmbH,13/07/2002 19:35,13/07/2027 19:35,26/09/2026 04:22
66853351-c1fe-405f-a8d6-71f29d8b254b,uterine.info,available,3.98,35.98,medium,low,7,namecheap,,,13/09/2026 00:02
cce2ae43-b88f-4607-bbb3-e37b50aafac6,enjoying.info,resell,,,medium,low,8,IONOS SE,27/02/2026 16:45,27/02/2027 16:45,26/09/2026 05:51
edc06899-b562-4754-b9bb-52faa3ae41c0,discussion.info,resell,,,high,low,10,"GoDaddy.com, LLC",02/12/2003 06:05,02/12/2027 06:05,29/09/2026 15:38
4734b2a9-66bd-4d0a-8c25-06a3465def00,headless.info,resell,,,medium,low,8,"Sav.com, LLC - 11",27/11/2025 15:15,27/11/2026 15:15,26/09/2026 06:36
053e2516-42ab-4122-8e7a-106c4cd978a5,mammoth.info,resell,,,high,low,7,"Sav.com, LLC",12/02/2004 04:36,12/02/2027 04:36,26/09/2026 07:24
8f718141-22ee-4819-821b-c7e5a61c48a3,roast.info,resell,,,high,low,5,"Sav.com, LLC - 1",09/04/2024 17:00,09/04/2027 17:00,27/09/2026 15:46
98ebd613-e9b6-4193-8925-f3e8f26303f3,assumptions.info,available,5,,medium,low,11,unstoppable,,,30/09/2026 00:31
446b6368-39c9-41a9-9cc0-2ee25207d778,lonnie.info,available,21.2,21.2,medium,low,6,cloudflare,,,30/09/2026 13:21
6c5faf8d-38c4-4269-bf42-a7b1a9080314,grandpas.info,available,5.25,29.49,medium,low,8,namesilo,,,21/09/2026 09:18
f3c66b3e-5ecb-4316-922b-f98229bae96f,glorified.info,available,3.98,35.98,high,low,9,namecheap,,,11/08/2026 17:29
e0216d15-4633-40de-b22e-0734bb686c2a,saurian.info,available,3.98,35.98,medium,low,7,namecheap,,,22/08/2026 17:55
dae6a6a7-702f-4e39-8745-dd6034548e04,chandra.info,resell,,,medium,low,7,,,,28/09/2026 08:00
63417636-58fa-4773-ad43-5af058d82500,waterborne.info,available,3.98,35.98,medium,low,10,namecheap,,,13/09/2026 08:36
9afd2c09-a94b-4f05-85c4-54983a3c9d1a,biodefence.info,available,3.98,35.98,medium,low,10,namecheap,,,23/09/2026 17:51
1872e340-998e-40eb-9d0f-2730117d7eb7,perennial.info,resell,,,high,low,9,"Sav.com, LLC - 40",19/05/2026 15:15,19/05/2027 15:15,26/09/2026 08:06
5743e34a-00eb-4d01-8804-3548166a8bc7,slipper.info,available,5.25,29.49,high,low,7,namesilo,,,01/10/2026 01:18
6d101965-ee17-4cb7-946d-374b7820a045,column.info,resell,,,high,low,6,Dynadot Inc,27/11/2004 10:12,27/11/2027 10:12,26/09/2026 05:07
6917f85c-2469-431b-a800-dd9a448359ee,courtenay.info,available,3.6,22.14,medium,low,9,porkbun,,,29/09/2026 22:46
88ab55c5-b3dc-43f9-80f3-ea02d34efb09,maritime.info,resell,,,high,low,8,"GoDaddy.com, LLC",12/09/2001 09:11,12/09/2027 09:11,26/09/2026 07:26
bdb79c47-7638-452b-8f46-0e2fc69ca789,damaging.info,available,5.99,39.99,medium,low,8,name.com,,,13/08/2026 16:05
d4ff5308-b7f5-49da-a097-d43febb66a9b,aunt.info,available,5,29.49,high,low,4,unstoppable,,,28/09/2026 23:17
78fff589-d21c-49e2-9624-9d9b02f87b46,splattered.info,available,5.99,39.99,medium,low,10,name.com,,,13/08/2026 15:21
ee40f25b-ce5f-4ad1-9f6b-24d742659244,testimony.info,resell,,,high,low,9,Dynadot Inc,07/02/2025 17:00,07/02/2027 17:00,28/09/2026 02:23
7f6ce209-3f5b-4251-a5ad-f5a8aeed8fde,holes.info,available,4.75,29.49,medium,low,5,namesilo,,,
ccbfe1cc-4cbb-4083-9aac-8191c023a695,potty.info,available,3.98,35.98,high,low,5,namecheap,,,16/08/2026 21:14
d4e8bb2a-e7bc-4005-a350-585aa8965e91,sideburns.info,available,4.75,29.49,high,low,9,namesilo,,,
db142066-b1db-4ae9-857c-a71bd037bdd1,fatuous.info,available,3.98,35.98,low,low,7,namecheap,,,07/08/2026 02:39
952b3a6b-8f3d-4a6e-a627-0763e78e5cc7,mediterranean.info,resell,,,high,low,13,,,,29/09/2026 08:26
188e5e80-4d53-42a5-9de4-ecc5f0fa8ada,keg.info,resell,,,high,low,3,,,,01/10/2026 20:12
db7ad97e-67e6-48ad-aab5-b6ae8b957a87,dusky.info,available,3.98,35.98,medium,low,5,namecheap,,,14/08/2026 21:32
b0ba0a72-6a90-4b15-866c-a87de435f444,policeman.info,resell,,,high,low,9,,,,27/09/2026 05:03
07437b62-d5f4-4c71-aa34-81db09544d26,wed.info,resell,,,high,low,3,"Sav.com, LLC - 7",05/05/2026 15:15,05/05/2027 15:15,26/09/2026 10:06
51b1afb8-1c84-4558-8fe1-adf7402d5913,objector.info,available,3.98,35.98,medium,low,8,namecheap,,,14/08/2026 12:43
53c82581-a26c-4fe2-9374-198fd6e8153c,sonny.info,resell,,,medium,low,5,,,,30/09/2026 17:50
c18bcb95-e10a-4fd1-a05b-4b111688d968,anhydrous.info,available,3.98,35.98,medium,low,9,namecheap,,,
59bf7f7d-421a-477e-94ac-c349ba963634,notecase.info,available,5.25,29.49,medium,low,8,namesilo,,,23/09/2026 16:18
eb075013-48b8-4b46-a989-37533caff32b,reliable.info,resell,,,high,low,8,Dynadot Inc,20/12/2020 14:31,20/12/2027 14:31,29/09/2026 13:47
2aea79c8-db2e-4409-ab48-94c0ac9c1d7a,storrs.info,available,3.6,22.14,medium,low,6,porkbun,,,30/09/2026 22:16
d786b6f2-84ec-431f-87c6-49094a234dfe,recruit.info,resell,,,high,low,7,,,,28/09/2026 14:02
55313a38-94ad-4fa3-9b9f-63f55b3d45fd,conic.info,available,3.98,35.98,high,low,5,namecheap,,,12/08/2026 20:39
6322f5cb-c84b-4749-84b3-48b0cedb4ba3,glasshouse.info,resell,,,high,low,10,"Sav.com, LLC - 13",27/01/2026 15:16,27/01/2027 15:16,26/09/2026 06:24
16f1c081-6411-414b-85c5-b61147169af7,argun.info,available,5.25,29.49,medium,low,5,namesilo,,,20/09/2026 04:51
f92c9c7f-c6bb-4f16-b1c1-5cb0ea4f13f6,alborg.info,available,5.25,29.49,medium,low,6,namesilo,,,16/09/2026 13:12
561eacb6-4bc5-4752-ac51-fb24a5a1124f,screwing.info,available,3.98,35.98,medium,low,8,namecheap,,,18/08/2026 17:28
8df44d39-266f-46c5-b539-6b42a911cb8a,utopia.info,resell,,,high,low,6,,,,30/09/2026 11:17
b9904057-694a-4119-9b3f-4ed33e9be38e,eliot.info,resell,,,medium,low,5,"eNom, LLC",29/12/2005 10:11,29/12/2026 10:11,26/09/2026 05:47
a9a9fca2-34fb-46b7-8fc5-27926e1d34f5,groceries.info,resell,,,medium,low,9,,,,28/09/2026 22:55
464f4964-501f-45fb-b0b4-b60cd8c1f36f,supporting.info,resell,,,high,low,10,"Sav.com, LLC - 45",19/06/2026 15:15,19/06/2027 15:15,28/09/2026 02:02
9b19152e-256d-4bdb-80b9-2f319143aded,slap.info,resell,,,high,low,4,"GoDaddy.com, LLC",12/03/2024 17:00,12/03/2027 17:00,26/09/2026 09:04
ef370db9-c7ff-4ab6-8cbc-179ddfe02c9c,leased.info,resell,,,medium,low,6,Dynadot Inc,23/12/2025 15:26,23/12/2026 15:26,26/09/2026 07:11
4499decc-e6e2-49bc-ab2f-833701436fff,compulsion.info,available,3.6,22.14,medium,low,10,porkbun,,,01/10/2026 19:03
60b2b557-2661-46cd-a656-d9b73e397687,icd.info,resell,,,high,low,3,,,,01/10/2026 07:28
be9e4227-ac34-4451-b63b-c046dd476055,isle.info,resell,,,high,low,4,"GoDaddy.com, LLC",19/09/2001 19:41,19/09/2028 19:41,30/09/2026 00:26
275a1462-e53a-4322-ab90-e2c887321b3d,upended.info,available,3.98,35.98,medium,low,7,namecheap,,,12/09/2026 23:06
aa25655b-7d26-4636-8769-f289f2f04a18,spence.info,resell,,,high,low,6,,,,29/09/2026 03:33
f8a1af11-2a4b-42e2-b110-db59edbbc26c,monkey.info,resell,,,high,medium,6,Dynadot Inc,28/09/2005 09:38,28/09/2027 09:38,30/09/2026 05:09
8cdb6f97-9db2-4698-aa6f-36f8e22983c1,foothills.info,available,3.31,21.94,medium,low,9,spaceship,,,02/10/2026 02:25
1fac5b23-f4db-4a89-82f4-669ce739d446,independently.info,available,5.25,29.49,medium,low,13,namesilo,,,29/09/2026 14:31
ee4dc23d-3f34-4b44-af94-7205713474c8,annotating.info,available,5.25,29.49,high,low,10,namesilo,,,19/09/2026 10:41
1e1cc9fc-f4fe-49ab-babc-735989878d81,sherry.info,resell,,,medium,low,6,,,,28/09/2026 15:20
bb78cf77-074b-4cc5-9739-e82227b80425,stanch.info,available,3.98,35.98,medium,low,6,namecheap,,,10/09/2026 19:26
07155208-af15-41fb-a1e1-3b8fa8a1d47d,triplet.info,available,3.98,35.98,medium,low,7,namecheap,,,
f721ec60-c24d-496f-b622-b9df4f3ac459,dubnium.info,available,5.25,29.49,medium,low,7,namesilo,,,20/09/2026 22:04
28db2689-d2fa-4ff8-b933-1515f12cc1fc,aestival.info,available,3.98,35.98,medium,low,8,namecheap,,,
926aa4e0-04a0-44ad-a44e-be42337b8a2d,draining.info,available,3.98,35.98,medium,low,8,namecheap,,,14/08/2026 18:19
68f3c997-d0b7-4616-b72a-181d3c212fd7,christoph.info,resell,,,medium,low,9,,,,28/09/2026 12:39
c659b586-34de-4d22-a11d-7b815edae9fc,expedition.info,resell,,,high,low,10,DropCatch.com 382 LLC,31/03/2026 15:15,31/03/2027 15:15,29/09/2026 18:24
f9f7ba91-882c-4410-b3ca-b148044053eb,mob.info,resell,,,high,low,3,"GoDaddy.com, LLC",21/09/2001 03:39,21/09/2027 03:39,26/09/2026 07:35
d83b1d2a-8e8b-46b4-8d74-69c7f73d9462,samurai.info,resell,,,high,low,7,,,,29/09/2026 20:16
0c883f52-fa3f-4d41-86db-578443a739e7,wanting.info,resell,,,high,low,7,"GoDaddy.com, LLC",27/02/2018 03:21,27/02/2027 03:21,28/09/2026 10:19
59e3b280-9ec9-484e-aaaf-8ae12310da1e,languid.info,available,3.98,35.98,medium,low,7,namecheap,,,22/08/2026 18:03
13925dcc-cb7e-49b7-817b-d16994f5d0f2,etcetera.info,resell,,,high,low,8,"Sav.com, LLC - 15",28/01/2026 15:15,28/01/2027 15:15,26/09/2026 05:54
47970c8d-0955-48ca-8dce-591a9f9dc8eb,greenly.info,available,3.98,35.98,medium,low,7,namecheap,,,14/09/2026 22:19
39140339-24d9-4420-a499-cee780fb3300,gaga.info,resell,,,medium,low,4,"GoDaddy.com, LLC",19/01/2009 09:46,19/01/2027 09:46,26/09/2026 06:18
da9227f3-1e11-481d-b772-4c1289a672ca,informal.info,resell,,,high,low,8,"Sav.com, LLC - 11",10/07/2026 15:15,10/07/2027 15:15,26/09/2026 06:51
87bfd98f-d803-4ec4-b00c-cfd6d6d607aa,mouths.info,resell,,,medium,low,6,GoDaddy Online Services Cayman Islands Ltd.,27/02/2007 03:50,27/02/2027 03:50,26/09/2026 07:40
87b8f190-eaf0-4b3f-bbd7-83ed1e7a342b,argon.info,resell,,,high,low,5,"Sav.com, LLC - 2",09/10/2023 17:00,09/10/2027 17:00,26/09/2026 03:59
0b353e24-5b57-41b8-b586-1e3019fe0870,lover.info,resell,,,high,low,5,Dynadot Inc,13/07/2002 19:33,13/07/2027 19:33,26/09/2026 07:19
fcb4a5a8-3561-45cb-acfb-52504523a91f,cryonic.info,available,3.98,35.98,medium,low,7,namecheap,,,13/08/2026 09:37
6a09c9e6-e573-4ab8-a682-498671cf0f50,woodsy.info,available,3.98,35.98,medium,low,6,namecheap,,,06/08/2026 13:04
4e4ebd05-4e81-4aba-b9cd-719fa569f927,lubricious.info,available,3.98,35.98,medium,low,10,namecheap,,,24/08/2026 10:50
c582ef5c-6641-42f4-891a-45e963ec3863,cooperative.info,resell,,,high,low,12,,,,29/09/2026 02:51
e15d89cd-a82a-435b-98bc-47a1f99bad9a,overture.info,resell,,,high,low,8,,,,30/09/2026 18:16
430fea20-614d-4730-869b-d478a1978c1b,originated.info,available,3.31,21.94,medium,low,10,spaceship,,,29/09/2026 23:39
c002a2af-2ab5-4f6a-b4fd-a03491bac87e,landscaping.info,resell,,,high,low,11,Dynadot Inc,13/07/2002 19:38,13/07/2035 19:38,01/10/2026 15:25
df4ffcaf-71ed-4915-b052-715e47298efa,fur.info,resell,,,high,low,3,,,,27/09/2026 04:05
bf490eab-d000-452a-95d7-2787f9e110a6,pinging.info,available,5.25,29.49,medium,low,7,namesilo,,,02/10/2026 02:36
9407cc7a-9e4c-4226-be6b-a79ef72e108c,corridors.info,available,5,,medium,low,9,unstoppable,,,30/09/2026 15:34
caa077e7-9061-4633-8c50-a0341d074bd9,celiac.info,premium,27005.42,39.99,medium,low,6,"GoDaddy.com, LLC",21/09/2001 17:05,21/09/2026 17:05,11/08/2026 23:23
ffde57da-d1fc-4522-965d-ff0b92b63bf5,abies.info,available,5.25,29.49,medium,low,5,namesilo,,,16/09/2026 15:38
9eee6e58-890e-476d-9fe4-66acd87d06c9,moreover.info,resell,,,medium,low,8,Dynadot Inc,29/07/2026 17:00,29/07/2027 17:00,26/09/2026 07:38
1599c770-8a4c-4f78-aaa2-f1f2595ea13c,unshaded.info,available,3.98,35.98,medium,low,8,namecheap,,,12/09/2026 19:27
945ec657-38a7-413c-8651-4dd941aa82eb,cheekbone.info,available,3.98,35.98,medium,low,9,namecheap,,,13/09/2026 15:41
59f832df-3499-4d9b-8ce6-d0bff3fd7bc2,pouring.info,available,3.98,35.98,high,low,7,namecheap,,,20/08/2026 21:01
eed08df0-1512-4f93-8d8a-22df52f9aef8,leonidas.info,resell,,,medium,low,8,,,,01/10/2026 02:52
726f285d-7053-4025-9185-3f386c92b18a,crab.info,resell,,,high,low,4,"Gabia, Inc.",21/09/2001 12:06,21/09/2027 12:06,29/09/2026 01:49
2a2d554f-f075-4e24-b17f-6bdd97433873,gratuity.info,resell,,,high,low,8,"Spaceship, Inc.",18/07/2026 20:18,18/07/2027 20:18,26/09/2026 06:29
6441b5ec-f6eb-4c73-ba88-8c653fd15ca0,phoned.info,available,3.31,21.94,medium,low,6,spaceship,,,30/09/2026 00:38
2d1aee59-1e17-4d4b-ac69-662c136ef69b,uncovered.info,available,3.98,35.98,high,low,9,namecheap,,,12/09/2026 06:20
01425baa-cfb7-4c23-b6b2-35555eed8d38,commenced.info,available,3.31,21.94,medium,low,9,spaceship,,,02/10/2026 02:27
8752ec28-b975-45ff-ae58-2eb93966bb71,peirce.info,available,5.25,29.49,medium,low,6,namesilo,,,23/09/2026 08:23
1c537d3f-e67d-463a-9989-9805e0e98e33,driven.info,resell,,,high,low,6,"GKG.NET, INC.",08/05/2024 17:00,08/05/2027 17:00,26/09/2026 05:41
6471b770-2316-4556-af93-9b7abe3e71b8,violently.info,available,5.25,29.49,medium,low,9,namesilo,,,16/09/2026 11:00
c56b57a5-2bcb-4ba8-9bb1-c98675f13e9b,tracks.info,resell,,,high,low,6,Dynadot Inc,18/08/2026 17:00,18/08/2027 17:00,26/09/2026 09:42
ff7f3f27-088e-4645-ac9e-67a188f822ac,quiescent.info,available,3.98,35.98,medium,low,9,namecheap,,,09/09/2026 08:47
24e67d38-1bd8-4b14-bd6d-3b2744c3dd41,restrict.info,available,3.98,35.98,medium,low,8,namecheap,,,19/09/2026 17:10
04670b9f-4274-4b2d-8c89-dbd03595bc7c,shaggy.info,available,3.98,35.98,medium,low,6,namecheap,,,11/08/2026 11:17
ad5e9ad5-8c67-4f1f-bba8-1a2ffc20bef5,xxxviii.info,available,3.98,35.98,medium,low,7,namecheap,,,
bd0ac2dc-7082-4f12-aa39-b068b8c89889,shrink.info,resell,,,high,low,6,,,,28/09/2026 01:56
0b02f44d-da84-465c-806b-0081914ba2cb,pennate.info,available,3.98,35.98,medium,low,7,namecheap,,,08/09/2026 14:37
f42b80c9-a19c-41b3-b03a-b2b6b6add252,xmas.info,resell,,,high,low,4,"GoDaddy.com, LLC",13/07/2002 19:30,13/07/2027 19:30,29/09/2026 09:09
11b5766a-f32a-4392-9bc8-7ca49fd09e4d,improperly.info,available,3.98,35.98,medium,low,10,namecheap,,,15/09/2026 04:32
f33273e3-ab58-4b7b-af26-31bb3e0d3d8f,represented.info,available,4.75,29.49,high,low,11,namesilo,,,
20049f51-8423-4a47-bced-50d5c4d66222,provinces.info,resell,,,medium,low,9,Porkbun LLC,05/08/2022 17:07,05/08/2027 17:07,26/09/2026 08:23
48092083-60eb-4c8c-8ab5-491da89f8252,lapsed.info,available,3.98,35.98,medium,low,6,namecheap,,,22/08/2026 19:47
c12177c0-cccc-4bf5-b42a-366297a103d7,mec.info,resell,,,high,low,3,,,,01/10/2026 07:00
d0b3b328-b1ae-49f2-b8f8-773d1634e55f,skateboard.info,resell,,,high,low,10,,,,02/10/2026 06:25
aaa245da-5013-4bef-8ca9-b57439b529c4,swallowed.info,available,21.2,21.2,low,low,9,cloudflare,,,28/09/2026 23:16
01498ebe-b29a-41ff-ae0e-8b45127fb5aa,zealously.info,available,5.25,29.49,medium,low,9,namesilo,,,16/09/2026 11:50
c7da6e5c-b8e9-4114-8c94-04d0f9da0534,blatta.info,available,5.25,29.49,medium,low,6,namesilo,,,24/09/2026 04:54
e2812358-9ef7-4efb-ba70-9e74701ee8e2,restlessly.info,available,3.98,35.98,medium,low,10,namecheap,,,15/09/2026 23:29
80230937-812d-49a3-bbf7-5a68c502d0dc,agonizing.info,available,3.98,35.98,medium,low,9,namecheap,,,
cadad30a-c1a1-4d83-b0c4-daf08bde013b,anorgasmia.info,available,3.98,35.98,medium,low,10,namecheap,,,19/09/2026 11:47
05042f51-8d2c-4f86-9dfd-230bc0ea6555,flaps.info,available,5.25,29.49,medium,low,5,namesilo,,,30/09/2026 09:40
8d9f4f2b-96b5-4be9-83eb-9d4e15e6d8a5,darwinian.info,available,5.99,39.99,medium,low,9,name.com,,,13/08/2026 18:25
bc428212-1f64-49e5-97b5-5320db9aa075,brackish.info,available,3.98,35.98,medium,low,8,namecheap,,,11/08/2026 00:43
5aeaa18b-8b96-460b-8685-b027620daeb2,balusters.info,available,5.25,29.49,medium,low,9,namesilo,,,22/09/2026 00:30
d86ae5dc-3dc4-40fd-8017-6702f274b1e9,viewable.info,available,3.98,35.98,high,low,8,namecheap,,,13/09/2026 05:37
02f32483-e884-4770-ad5b-276596271845,verminous.info,available,3.98,35.98,low,low,9,namecheap,,,13/09/2026 04:05
f11b3914-387e-405e-8b36-841d5d5c156f,toxic.info,resell,,,medium,low,5,"Sav.com, LLC - 30",30/12/2022 15:15,30/12/2026 15:15,28/09/2026 09:26
08083b0a-e100-4957-b8f0-cef8dc7f7cf8,conjecture.info,available,5.25,29.49,high,low,10,namesilo,,,24/09/2026 17:17
a9b0861e-85a3-426b-821e-6f8a4cba8d8f,mole.info,resell,,,medium,low,4,,,,27/09/2026 11:53
3fc913cd-f4d4-44f9-8237-706a53950263,crawled.info,available,3,29.99,low,low,7,godaddy,,,01/10/2026 00:21
cbfc94bf-f869-4871-a35f-a13e41a1a36a,trenton.info,resell,,,medium,low,7,Dynadot Inc,14/09/2001 14:11,14/09/2027 14:11,26/09/2026 09:45
6e877fc9-1eab-4429-bc70-73bf80be975f,seeming.info,available,3.31,21.94,high,low,7,spaceship,,,01/10/2026 18:12
8145687b-7b09-429b-a45e-80552f0e0898,unicameral.info,available,3.98,35.98,medium,low,10,namecheap,,,12/09/2026 12:46
3c437685-7ab9-4f1c-8cfa-cf5b46eabe72,biotin.info,resell,,,high,low,6,"Sav.com, LLC - 31",23/02/2026 15:15,23/02/2027 15:15,26/09/2026 04:26
4469f914-1e9e-4902-bdc5-7634ba88ac8b,dip.info,resell,,,high,low,3,"Wild West Domains, LLC",22/09/2001 08:41,22/09/2027 08:41,26/09/2026 05:34
f667deeb-e475-4372-9ebc-740b2b1129ee,sophistication.info,available,4.75,29.49,high,low,14,namesilo,,,
d9f768c3-38e1-4308-b81e-26f6243d5a28,volute.info,available,3.98,35.98,medium,low,6,namecheap,,,12/08/2026 16:14
ab33a31b-6e5e-40bc-9715-9267c79c01be,kicking.info,available,3.31,21.94,high,low,7,spaceship,,,30/09/2026 01:20
338c6534-9915-4d57-9ad9-0fc8c3c0bb00,unfriendly.info,available,3.98,35.98,medium,low,10,namecheap,,,22/08/2026 05:19
3e9d2be1-7735-42c1-b695-d4fbc996d405,nonfinite.info,available,3.98,35.98,medium,low,10,namecheap,,,03/09/2026 18:26
25f64e60-f982-475a-b25e-f17e96d85f1e,shingle.info,available,21.2,21.2,high,low,7,cloudflare,,,01/10/2026 21:39
4219d2f1-6f83-418a-97de-b6c6036e9ad1,elaine.info,resell,,,high,low,6,"Sav.com, LLC - 31",01/07/2026 15:15,01/07/2027 15:15,26/09/2026 05:46
6b2314cf-8944-4c55-88ab-dd3597b11780,focusing.info,resell,,,high,low,8,Key-Systems GmbH,22/09/2003 21:18,22/09/2027 21:18,26/09/2026 06:10
2e0eee3b-202d-4feb-b1bf-6b3d347cb541,outbred.info,available,3.98,35.98,medium,low,7,namecheap,,,04/09/2026 19:03
e6d9e52e-c378-4e72-913c-4419e0e6a6ee,sestet.info,available,3.98,35.98,medium,low,6,namecheap,,,
19207c65-dfda-48cf-80f6-651fb6786540,techniques.info,resell,,,medium,low,10,"GoDaddy.com, LLC",01/12/2012 10:14,01/12/2026 10:14,26/09/2026 09:32
bfe954ea-4760-40a2-b299-458dae0be2d6,blaster.info,resell,,,high,low,7,"Sav.com, LLC - 35",04/07/2026 15:15,04/07/2027 15:15,26/09/2026 04:28
945322f9-5e53-489a-8a8a-59139535d741,askant.info,available,3.98,35.98,medium,low,6,namecheap,,,07/08/2026 03:05
13230ec9-7eed-43ec-8115-33adc448abfa,quack.info,resell,,,high,low,5,Netregistry Wholesale Pty Ltd,07/08/2025 15:15,07/08/2027 15:15,26/09/2026 08:26
9b02f00a-7dd5-4afd-8b27-c382b99ca596,abwatt.info,available,3.98,35.98,medium,low,6,namecheap,,,16/09/2026 19:39
323fe90c-7738-4a8e-822c-a144197df397,lacerate.info,available,3.98,35.98,medium,low,8,namecheap,,,22/08/2026 17:51
f50d7f7f-6628-4a1d-9eb1-5d3b5f3ba93e,glorious.info,resell,,,high,low,8,Dynadot Inc,18/08/2026 17:00,18/08/2027 17:00,26/09/2026 06:24
07bb63c4-ec6b-40e9-afd0-001b1bab2951,favours.info,available,5.25,29.49,medium,low,7,namesilo,,,17/09/2026 23:24
368b3ba4-7625-4a4a-8b15-4b4dcc2afc9d,dionysian.info,available,3.98,35.98,medium,low,9,namecheap,,,14/08/2026 08:24
5b4cfb01-6732-44d5-a634-c0c4614e1c18,leone.info,resell,,,high,low,5,,,,29/09/2026 19:32
ddbd7ee4-3880-4b53-9e9e-e03866461d20,mile.info,resell,,,high,low,4,Dynadot Inc,28/09/2003 15:29,28/09/2028 15:29,28/09/2026 18:43
739967cd-0c79-4f16-adac-8f0b694d1839,strawberry.info,resell,,,high,low,10,Dynadot Inc,30/12/2017 10:10,30/12/2026 10:10,29/09/2026 22:40
c1331b2b-98d7-4156-b0e9-358f66c9fa11,fatefully.info,available,3.98,35.98,medium,low,9,namecheap,,,14/09/2026 17:53
afc7351d-0a5d-438e-ad43-d8ca6d74060d,wilshire.info,available,3.6,22.14,medium,low,8,porkbun,,,29/09/2026 22:35
5a934506-54c6-4383-aa7f-b24a48fa206b,unnerved.info,available,3.98,35.98,medium,low,8,namecheap,,,12/09/2026 15:54
b16f645a-0fcb-4ccc-9360-3fdc3c44da64,atonia.info,available,5.25,29.49,medium,low,6,namesilo,,,19/09/2026 00:37
62fe1f88-ea2b-48ec-8edd-845107013fe9,extensile.info,available,3.98,35.98,medium,low,9,namecheap,,,17/08/2026 19:01
93a41887-d1aa-4925-bd99-aaef16218eb0,adenoma.info,available,3.98,35.98,medium,low,7,namecheap,,,17/09/2026 07:30
aeef8dcf-d24b-479e-8944-1af811ec3d51,untouched.info,available,3.98,35.98,medium,low,9,namecheap,,,12/09/2026 13:20
cb5f7aaa-b94c-4194-afbe-2fc9e4bc1d0b,wrong.info,resell,,,high,low,5,"GoDaddy.com, LLC",26/11/2003 22:34,26/11/2026 22:34,26/09/2026 10:14
e5ee6966-9067-4e35-9b32-e100c66e5d01,revival.info,resell,,,high,low,7,,,,29/09/2026 02:02
80090118-3d1a-450f-b4ec-138fbfe10663,insurable.info,available,3.98,35.98,medium,low,9,namecheap,,,22/08/2026 07:40
50afc607-17f1-49b3-8056-b47cad8ae58a,lowercase.info,available,5.25,29.49,high,low,9,namesilo,,,25/09/2026 15:23
d42cff5f-9f0b-40ed-b71d-6cce1ebf8787,repeatedly.info,available,3.98,35.98,medium,low,10,namecheap,,,15/09/2026 23:12
7192180f-a02d-41e6-b1ac-a47ac824456c,annalist.info,available,5.25,29.49,medium,low,8,namesilo,,,19/09/2026 10:03
875a04d7-832c-49a6-a7f0-a3b49296ae49,suburban.info,resell,,,high,low,8,"Sav.com, LLC - 33",27/03/2026 15:15,27/03/2027 15:15,26/09/2026 09:23
5c307dd8-bd06-436f-bc71-8f0ac5e4b26c,hotcake.info,available,5.25,29.49,medium,low,7,namesilo,,,22/09/2026 14:33
a6e12fa4-2374-40f3-9b64-db32fd5dff9a,assize.info,available,3.98,35.98,medium,low,6,namecheap,,,20/09/2026 16:30
3a360309-87b0-461b-b1fb-0f6352ac9fb0,coolly.info,available,3.31,21.94,medium,low,6,spaceship,,,28/09/2026 14:20
ddc99c39-6c39-49a7-a09c-49022874c9a2,gidgee.info,available,3.98,35.98,medium,low,6,namecheap,,,16/09/2026 20:01
de4293b9-3bb1-4756-8a86-d8a9d4ec3548,grows.info,resell,,,medium,low,5,,,,27/09/2026 10:10
67c2342c-3ab1-45ff-8e97-e8d7e15b38b5,faceless.info,resell,,,medium,low,8,"Sav.com, LLC - 16",02/04/2026 15:16,02/04/2027 15:16,26/09/2026 05:59
27e3f7d8-8fe1-43b7-b975-568baacef65a,aleve.info,available,3.98,35.98,medium,low,5,namecheap,,,17/09/2026 15:07
bb6e6c9a-aed6-4c16-820a-6a6247df67b6,undreamt.info,available,3.98,35.98,medium,low,8,namecheap,,,12/09/2026 08:24
5bee75ed-e575-41e2-b664-51cc815102ae,ataractic.info,available,3.98,35.98,low,low,9,namecheap,,,07/08/2026 12:44
33ed6ab6-c341-4830-b6a4-c4d6a1af5ad0,barn.info,resell,,,high,low,4,Dynadot12 LLC,31/01/2019 10:09,31/01/2027 10:09,29/09/2026 01:11
718a64fa-44a9-4995-bc2f-a10f99cef8b2,struggles.info,available,21.2,21.2,medium,low,9,cloudflare,,,30/09/2026 07:07
a9fd174d-d653-48e1-8ae9-4b4ed838fb00,rocker.info,resell,,,high,low,6,,,,30/09/2026 10:59
0837f794-b4e1-459f-85bb-94b3acce5f25,hieroglyph.info,resell,,,medium,low,10,"GoDaddy.com, LLC",30/09/2002 10:47,30/09/2027 10:47,26/09/2026 06:39
ddff108d-f3fe-4058-adda-5448b0c832dd,californian.info,available,5,29.49,high,low,11,unstoppable,,,01/10/2026 05:38
338fecba-20fd-403e-b01d-064e09143fd9,intercepted.info,available,3.31,21.94,medium,low,11,spaceship,,,28/09/2026 23:49
ad2dfd30-47e9-45c0-abad-3f8fb6730bf2,debonaire.info,available,3.98,35.98,medium,low,9,namecheap,,,12/08/2026 05:59
75efd7fc-6c15-488e-955a-f714616b8555,radiantly.info,available,3.98,35.98,medium,low,9,namecheap,,,15/09/2026 22:18
8e1e46b3-5de1-40bc-8a03-ae203b5acd13,mitt.info,resell,,,medium,low,4,"Sav.com, LLC - 43",26/08/2026 15:15,26/08/2027 15:15,26/09/2026 07:35
10d66057-ea2a-4656-b0c0-1968dfb958c2,chest.info,resell,,,high,low,5,"Gabia, Inc.",21/09/2001 10:45,21/09/2027 10:45,26/09/2026 04:54
3c4fa4be-2776-4723-a4ff-401fce6d36fa,wiggly.info,available,3.98,35.98,medium,low,6,namecheap,,,10/09/2026 08:40
f6f14923-61bf-482f-ab94-bafa7d17d9e0,entirety.info,available,3.31,21.94,high,low,8,spaceship,,,29/09/2026 18:15
247ef086-ec9b-4611-8cea-6e2af8763c68,overstatement.info,available,4.99,,medium,low,13,name.com,,,
30e65d74-5ee2-415b-8df2-2df58fe5f2d1,repulsive.info,available,3.98,35.98,medium,low,9,namecheap,,,
7b14b543-dc69-498e-840f-071596ac8b35,teachings.info,available,3.31,21.94,medium,low,9,spaceship,,,29/09/2026 23:08
9f6ba5cb-0bac-42ed-99ff-2d2bac7df013,ruthful.info,available,3.98,35.98,medium,low,7,namecheap,,,12/08/2026 23:40
7299d265-ac70-4574-90ca-dffea2e6d5a3,gushy.info,available,3.98,35.98,medium,low,5,namecheap,,,20/08/2026 21:03
b4bd9dc3-380c-4c53-ad96-0184cefc3eb7,bollywood.info,resell,,,high,low,9,Squarespace Domains II LLC,28/07/2001 02:26,28/07/2027 02:26,30/09/2026 08:37
59bc2e8b-bc09-490f-b13e-b091acd5e78c,answerer.info,available,5.25,29.49,high,low,8,namesilo,,,19/09/2026 12:14
641428a4-e780-4b28-9e2c-75262f18cdbc,ambiguity.info,available,5.25,29.49,medium,low,9,namesilo,,,18/09/2026 16:43
ac98450a-1d23-472e-8896-b1b04f8f184e,mythologic.info,available,3.98,35.98,medium,low,10,namecheap,,,03/09/2026 12:33
b3809918-84d7-4223-86c7-5d20d40a876e,executioner.info,available,3.31,21.94,medium,low,11,spaceship,,,01/10/2026 04:38
a5213f5b-8d14-421a-9fc8-b84fd419dc63,chary.info,available,3.98,35.98,medium,low,5,namecheap,,,12/08/2026 02:59
b2c4b547-543d-4bc5-b50f-52c1a24882e9,pageant.info,available,3.31,21.94,high,low,7,spaceship,,,02/10/2026 05:28
1b9e25e2-7d29-4233-bf90-68a598a6b310,lining.info,resell,,,high,low,6,,,,28/09/2026 06:11
af2f4dfa-aba2-40fb-b69d-08703e757cef,alsatian.info,available,3.98,35.98,medium,low,8,namecheap,,,
c65ed21c-01c2-4bba-9d8b-ab7fcc4adf84,menstrual.info,resell,,,medium,low,9,Dynadot Inc,08/07/2026 17:00,08/07/2027 17:00,26/09/2026 07:31
8c132ee2-91bd-49fc-bc58-21f0a607e16e,blinded.info,available,3.98,35.98,medium,low,7,namecheap,,,10/08/2026 14:24
1d128ff4-ec79-452b-8224-d8143ac4562a,mounting.info,resell,,,medium,low,8,,,,29/09/2026 00:26
b86b1d60-e105-438b-a160-4628e53f3257,saw.info,resell,,,high,low,3,Dynadot Inc,22/09/2001 16:29,22/09/2027 16:29,28/09/2026 18:13
5f618384-289c-4f48-8859-4bddabcdce01,dignified.info,available,5.25,29.49,high,low,9,namesilo,,,24/09/2026 08:18
e5360d1b-ed57-440b-a442-3de0f81e803c,operators.info,resell,,,medium,low,9,"GoDaddy.com, LLC",20/09/2001 15:48,20/09/2027 15:48,28/09/2026 09:08
889aac9e-087b-4561-b7e1-49757fc9001f,vagile.info,available,3.98,35.98,low,low,6,namecheap,,,13/09/2026 00:47
746f5e50-07e8-4d93-9290-a60a3a255c7c,catches.info,available,3.31,21.94,medium,low,7,spaceship,,,28/09/2026 04:27
d9f6142f-9ca9-4e39-9b91-a2d5e8f6fd37,perinatal.info,resell,,,medium,low,9,"Sav.com, LLC - 13",16/12/2025 15:15,16/12/2026 15:15,26/09/2026 08:06
a948c497-669b-4005-ad15-01c11cc2a949,prone.info,available,5.25,29.49,medium,low,5,namesilo,,,27/09/2026 07:37
3ea8fb4d-1ba2-4313-86f2-c17d005e0a3f,stripe.info,resell,,,high,low,6,Netregistry Wholesale Pty Ltd,08/03/2017 10:06,08/03/2027 10:06,26/09/2026 09:21
5d549a94-075e-4efe-9b74-429fbd0331d6,pathetic.info,available,3.98,35.98,medium,low,8,namecheap,,,20/08/2026 23:50
734f224d-4f8c-4132-a2e1-311496d58241,creed.info,resell,,,high,low,5,,,,28/09/2026 18:43
6713456b-6e85-4027-adf3-281cee8762e2,amnionic.info,available,3.98,35.98,medium,low,8,namecheap,,,
e23e57ce-85cd-4254-861b-4d7ca2b9a416,sable.info,resell,,,high,low,5,"Sav.com, LLC - 42",10/12/2025 15:16,10/12/2026 15:16,26/09/2026 08:46
f928ad3d-f491-45cc-892a-42eaaaa94530,goliath.info,resell,,,high,low,7,Vautron Rechenzentrum AG,04/08/2001 23:41,04/08/2027 23:41,26/09/2026 06:26
2504d577-980a-43db-aa41-d22f3025bad6,slippery.info,available,3.98,35.98,medium,low,8,namecheap,,,10/09/2026 11:01
e51e6c2c-b6b0-4fe3-963d-beccfbbc4ae2,amylase.info,available,5.25,29.49,medium,low,7,namesilo,,,19/09/2026 00:30
0bd6793d-6614-4e33-8569-aabece2a2d4c,defeats.info,available,5,,low,low,7,unstoppable,,,30/09/2026 15:35
1b349209-09e6-43d2-b5d3-5ea6734da8e9,breastfeeding.info,resell,,,high,low,13,"Sav.com, LLC - 32",23/02/2026 15:15,23/02/2027 15:15,26/09/2026 04:36
dccf6031-90af-4b62-bc66-1c02e1be21cb,garbanzo.info,available,5.25,29.49,medium,low,8,namesilo,,,24/09/2026 14:31
9dc1621b-3c10-42e5-b0e1-3089aaeab3f3,apophasis.info,available,3.98,35.98,medium,low,9,namecheap,,,19/09/2026 19:01
37013d40-85c2-4269-8169-d7dc5904aa7f,idyl.info,available,3.98,35.98,high,low,4,namecheap,,,08/09/2026 10:13
5613cccf-adae-4091-9d14-99bfe3b0cd3e,mush.info,resell,,,high,low,4,,,,02/10/2026 04:27
15e861c8-c3c9-4965-acb8-2f5dd95779b6,quintuple.info,available,5.25,29.49,medium,low,9,namesilo,,,25/09/2026 13:17
84ee129c-0b75-4bb5-a3d2-3bca793cc492,fannie.info,available,3.31,21.94,medium,low,6,spaceship,,,28/09/2026 12:06
8e9fb429-e0b7-4c99-968c-d0615364143d,suffered.info,available,5.25,29.49,low,low,8,namesilo,,,27/09/2026 02:46
d6da01f1-e0bc-4efc-9294-9970565c0aa2,upwardly.info,available,3.98,35.98,medium,low,8,namecheap,,,12/09/2026 22:57
b5f78e8d-1a28-4779-be2d-cc3566a33bbb,drinks.info,resell,,,high,low,6,Dynadot Inc,13/07/2002 19:50,13/07/2027 19:50,26/09/2026 05:41
f368caed-4255-420a-b076-221a30ec09cb,alocasia.info,available,5.25,29.49,medium,low,8,namesilo,,,18/09/2026 12:56
a04dbf87-daac-4eae-8239-2f2128ba1e8e,situated.info,available,3.98,35.98,medium,low,8,namecheap,,,25/09/2026 14:16
bd2f0992-c2bd-4754-a712-ead79d836115,vendible.info,available,3.98,35.98,medium,low,8,namecheap,,,24/08/2026 20:32
d8eb4564-a448-454d-a41e-25ffa9208761,rewardful.info,available,3.98,35.98,medium,low,9,namecheap,,,09/09/2026 16:27
f51e8c11-ac6d-45d7-89ad-f965bd6ce81e,yielding.info,available,3.98,35.98,medium,low,8,namecheap,,,13/09/2026 14:36
5f6d5c2d-04c8-426e-923c-47645c5ccee7,longhand.info,available,3.98,35.98,high,low,8,namecheap,,,13/08/2026 11:38
65267aae-90e6-4570-91b7-78fff052716f,titled.info,available,3.98,35.98,medium,low,6,namecheap,,,13/08/2026 01:50
ec628952-1b42-415f-8d4b-6dd6d3bf5d95,impious.info,available,3.98,35.98,medium,low,7,namecheap,,,21/08/2026 22:21
2faf517a-a44a-4177-87ef-ff8ae837cf57,nigel.info,resell,,,high,low,5,,,,27/09/2026 17:08
2fc001bc-ef10-4400-8a32-e7d862e0ed68,fbs.info,resell,,,high,low,3,,,,29/09/2026 22:15
8e011f43-b057-4e29-9790-cebb5b2e5b4e,brain.info,resell,,,high,medium,5,"Spaceship, Inc.",30/07/2001 15:08,30/07/2027 15:08,29/09/2026 03:55
096bb6a9-d8a9-48da-99bc-18a6a4d0aa3d,akhbari.info,available,5.25,29.49,medium,low,7,namesilo,,,17/09/2026 23:56
7e1e44bb-c12a-49f8-b3eb-d655dd18b2d0,spheroidal.info,available,3.98,35.98,medium,low,10,namecheap,,,16/08/2026 05:22
62c4d95d-924f-4c6d-ade7-bf99fd0e36b6,ramshackle.info,available,3.98,35.98,medium,low,10,namecheap,,,11/08/2026 05:22
2d072f9c-059c-4996-9c55-f636e22708b2,impromptu.info,available,3.98,35.98,high,low,9,namecheap,,,
9ea2d488-6620-425d-b1e0-d5df80f69972,doings.info,available,5.25,29.49,medium,low,6,namesilo,,,23/09/2026 03:17
ac4a7ef4-6a07-4e21-9620-e747dfebeb99,belling.info,available,5.25,29.49,medium,low,7,namesilo,,,23/09/2026 06:11
b1671b83-820b-47a3-a332-d2a36a1fad29,meddlesome.info,available,3.98,35.98,medium,low,10,namecheap,,,11/08/2026 11:23
f57843a7-d2cc-4257-8f52-762eeab08087,indictment.info,available,5.25,29.49,medium,low,10,namesilo,,,23/09/2026 16:05
c227d997-f58f-41d0-9b97-47e3cb49da74,pontiff.info,available,5.25,29.49,medium,low,7,namesilo,,,23/09/2026 21:52
ddb929db-a5f8-4c73-9d0b-ef69125ed5f5,paranoia.info,resell,,,high,low,8,,,,29/09/2026 19:54
c1ee6013-09de-4a7a-be3f-2bbac89cff23,unrecorded.info,available,3.98,35.98,medium,low,10,namecheap,,,24/08/2026 07:46
6266e2dc-0c13-42e9-99e7-2f6d9c801c01,buxom.info,available,3.98,35.98,medium,low,5,namecheap,,,10/08/2026 20:28
eeb074b3-99ef-423a-b553-b6ad5fe6300d,amy.info,resell,,,high,low,3,"Sea Wasp, LLC",26/11/2009 10:11,26/11/2026 10:11,26/09/2026 03:51
84e9e7fb-bd3d-47ac-8fd0-3c7dfb4f8c7b,gloaming.info,available,3.98,35.98,medium,low,8,namecheap,,,11/09/2026 21:41
5dd613be-5048-42b6-beb0-bc1d3bc1de98,libertad.info,resell,,,high,low,8,,,,01/10/2026 23:36
0794fc39-acb3-499e-a331-d7b90321d67d,conquered.info,available,5.25,29.49,medium,low,9,namesilo,,,28/09/2026 23:05
8665d03f-c068-4a8c-a9ad-d61c2cd70946,local.info,resell,,,high,medium,5,Dynadot Inc,13/07/2002 19:24,13/07/2027 19:24,26/09/2026 07:17
a26d4b82-3dbf-4833-b498-94918f477983,tricky.info,resell,,,high,low,6,Tucows Domains Inc.,04/10/2001 14:46,04/10/2027 14:46,26/09/2026 09:46
142be279-1625-40ce-b721-478742ac2588,exceeded.info,available,5.25,29.49,medium,low,8,namesilo,,,30/09/2026 00:20
10e88864-f6ee-4b41-bb2b-64882b8ed7b1,concordia.info,resell,,,high,low,9,,,,27/09/2026 20:47
d49b6e66-1ae7-401e-bd6c-7c3a3c6930df,relieved.info,available,,,high,low,8,,,,
7b4ec7b1-c0a3-4261-b6e3-5bf9b7a1403b,rhythmical.info,available,3.98,35.98,high,low,10,namecheap,,,09/09/2026 17:05
c231bb74-a64b-4ffc-8a28-f3d32d990144,rank.info,resell,,,high,low,4,Dynadot Inc,14/09/2001 14:16,14/09/2027 14:16,26/09/2026 08:29
6eba305b-4f57-4851-95b0-95a897274ac6,booze.info,resell,,,medium,low,5,"Sav.com, LLC - 13",27/03/2026 15:15,27/03/2027 15:15,26/09/2026 04:33
2e6893a3-57f6-4fe3-aa0c-7c4d779b540e,pearls.info,resell,,,medium,low,6,"GoDaddy.com, LLC",13/07/2002 19:23,13/07/2027 19:23,28/09/2026 08:25
d7ad2da7-dab8-44c1-952d-d7565d3b092d,producer.info,resell,,,high,low,8,Dynadot Inc,13/07/2002 19:28,13/07/2027 19:28,26/09/2026 08:21
cb008f92-1d49-4a6e-9d4a-92ed3cb0b6db,lumber.info,resell,,,high,low,6,Porkbun LLC,13/07/2002 19:25,13/07/2027 19:25,26/09/2026 07:21
aba282fe-1209-46a7-b208-c4fe46da0dc0,ransacked.info,available,3.98,35.98,medium,low,9,namecheap,,,24/08/2026 09:49
0d45ba32-7570-461e-9c69-cff7d9516986,round.info,resell,,,medium,low,5,"Domain.com - Network Solutions, LLC",16/09/2001 18:31,16/09/2027 18:31,26/09/2026 08:44
72465d19-44f1-4325-b575-b469626e797b,aniseed.info,available,3.98,35.98,medium,low,7,namecheap,,,19/09/2026 09:27
306eb02c-3967-48e5-a654-93c48723fc42,incidents.info,resell,,,low,low,9,,,,29/09/2026 05:24
23063dfc-9fff-412b-ab5b-c368105c292d,energies.info,resell,,,medium,low,8,,,,30/09/2026 06:48
b394a07a-017b-4806-98ad-7a755bee2cbf,chorale.info,available,3.98,35.98,high,low,7,namecheap,,,12/08/2026 07:04
9b4e22af-d48a-47f9-a1aa-7f25276386f8,voracious.info,available,3.98,35.98,medium,low,9,namecheap,,,15/08/2026 06:15
4ce0adfe-a639-4835-b05b-42825ea3bbeb,statuary.info,available,3.98,35.98,medium,low,8,namecheap,,,10/09/2026 19:16
5ef0c49e-93c0-4dbc-8fa2-d0dea8627d93,wit.info,resell,,,high,low,3,"GoDaddy.com, LLC",12/09/2001 07:58,12/09/2027 07:58,26/09/2026 10:12
1cf96e64-1259-4a21-abdd-6a71ee4f7103,speckled.info,available,3.98,35.98,medium,low,8,namecheap,,,14/08/2026 16:34
1ac7230f-045c-4024-85fc-a0af645df31e,characteristic.info,available,4.99,,medium,low,14,name.com,,,
95aabb57-4346-41b0-9793-284e40d2463a,nafud.info,available,5.25,29.49,medium,low,5,namesilo,,,19/09/2026 00:44
d7f03f8d-ef86-4c11-98f6-b79a3bb8723e,steely.info,available,3.98,35.98,medium,low,6,namecheap,,,10/09/2026 19:47
833687a1-87a9-4108-ab56-5394bae0edcd,previously.info,resell,,,medium,low,10,Dynadot Inc,02/10/2007 21:48,02/10/2027 21:48,28/09/2026 12:13
0aacccdf-5a78-4459-b5d8-088071d4f08a,exhibition.info,resell,10527.84,,high,low,10,"Sav.com, LLC - 3",08/06/2026 15:15,08/06/2027 15:15,29/09/2026 18:34
642717e8-6288-48e4-9e61-253a44a44c83,controversy.info,available,5.25,29.49,medium,low,11,namesilo,,,29/09/2026 10:11
369b6ed0-4c2a-4cf4-a79d-9c57d66dc381,twenty.info,resell,,,high,low,6,"Sav.com, LLC - 42",06/01/2026 15:15,06/01/2027 15:15,26/09/2026 09:49
2d35c254-fc49-45c4-824b-2c9961ca5119,tying.info,available,5,,high,low,5,unstoppable,,,29/09/2026 08:16
ed366145-f0a8-4962-8c66-733ca12a537a,oak.info,resell,,,high,low,3,"GoDaddy.com, LLC",13/09/2001 18:44,13/09/2027 18:44,30/09/2026 05:55
2637773f-e730-4b95-85ca-94eb086c1259,moronic.info,available,3.98,35.98,medium,low,7,namecheap,,,25/08/2026 06:35
b703654a-91f3-49fb-b2d5-98c2e852d7ad,dial.info,resell,,,high,medium,4,"Sea Wasp, LLC",20/09/2009 10:09,20/09/2027 10:09,26/09/2026 05:32
20fc94d8-f105-4a64-aec2-b937b9a10501,ducky.info,resell,,,high,low,5,"Sav.com, LLC - 47",30/01/2026 15:16,30/01/2027 15:16,26/09/2026 05:42
ac388516-3f9b-4af1-837a-e9b966014904,madonna.info,resell,,,high,low,7,"Sav.com, LLC - 10",16/05/2026 15:16,16/05/2027 15:16,26/09/2026 07:22
7648a54a-0e60-4f1d-a595-a39d938ce678,guido.info,resell,,,high,low,5,,,,27/09/2026 06:38
6683fb10-661d-4f7c-b8bd-5ed3cb3beed2,vicennial.info,available,3.98,35.98,medium,low,9,namecheap,,,13/09/2026 05:23
6c570f38-13a1-4774-a6a4-a03706914a71,cour.info,available,3.31,21.94,medium,low,4,spaceship,,,30/09/2026 12:14
f0c3f979-8f15-45af-9064-662fc5b24830,recruiting.info,resell,,,high,low,10,,,,28/09/2026 21:30
1e8aa542-d11a-49f0-a136-fce6396dc60c,butter.info,resell,,,high,low,6,"NameSilo, LLC",13/07/2002 19:45,13/07/2027 19:45,29/09/2026 05:32
f4fdc976-7800-46cc-a254-6cfddaa19cc6,exuberant.info,available,3.98,35.98,high,low,9,namecheap,,,14/08/2026 23:21
36204f2d-1770-43db-b64d-e6cb532c2ec4,fatless.info,available,3.98,35.98,medium,low,7,namecheap,,,17/08/2026 23:27
e844cbd2-f0d8-4922-9075-af4f88c9262c,curiously.info,available,3.31,21.94,medium,low,9,spaceship,,,28/09/2026 14:28
0f9b37f2-65be-498e-a5ab-bed19b20b30e,exhaustive.info,available,3.98,35.98,high,low,10,namecheap,,,17/08/2026 17:08
2fd648ad-1b01-4ab5-83d1-464467242976,joel.info,resell,,,high,low,4,Dynadot Inc,14/09/2001 17:45,14/09/2027 17:45,26/09/2026 07:01
84f74162-8975-4cdd-a67e-cd66b6981e96,typic.info,available,3.98,35.98,medium,low,5,namecheap,,,11/09/2026 22:29
ca1b4e23-efcf-400b-bc1c-f1aa351fe067,waddington.info,available,3.31,21.94,medium,low,10,spaceship,,,01/10/2026 11:02
815a439f-9e5f-43bb-aabc-cf1868a81ce0,waker.info,available,5.25,29.49,medium,low,5,namesilo,,,20/09/2026 08:31
77fbba7d-e62d-4790-a8f4-3a500af9117f,conceivable.info,available,5.25,29.49,medium,low,11,namesilo,,,02/10/2026 02:06
60bb4f82-61f2-4124-83a3-2879cba6332b,spunky.info,available,3.98,35.98,high,low,6,namecheap,,,18/08/2026 00:49
8979633d-6872-4925-ba67-0f9a11db18bd,batter.info,available,5.25,29.49,high,low,6,namesilo,,,22/09/2026 14:16
090356d0-040d-422b-b36f-0168ff361735,misused.info,available,3.98,35.98,medium,low,7,namecheap,,,25/08/2026 01:56
19e5ecf3-3de6-4e44-ad4d-ec09b1ce5ffd,mendocino.info,available,3.6,22.14,medium,low,9,porkbun,,,29/09/2026 22:47
b0c94e11-1d31-4def-9ae9-8b304b342a30,ismaili.info,resell,,,high,low,7,"GoDaddy.com, LLC",20/11/2003 06:07,20/11/2026 06:07,26/09/2026 06:58
43cae48c-7416-4a3a-8599-8a63836913dd,sheriff.info,resell,,,high,low,7,,,,27/09/2026 15:50
0929923b-2481-4c5a-b05f-c0ea4dfb0e37,botched.info,available,3.98,35.98,medium,low,7,namecheap,,,10/08/2026 20:51
22c1af9c-d4ac-4410-9bc6-2f87b6c16f41,azoic.info,available,3.98,35.98,medium,low,5,namecheap,,,08/08/2026 02:22
2feb28d3-289f-46ca-b2eb-7bf88ffe9184,amebous.info,available,3.98,35.98,medium,low,7,namecheap,,,
c9fdd60c-3658-47be-98ac-9e5c4a66479a,aotus.info,available,5.25,29.49,medium,low,5,namesilo,,,19/09/2026 16:05
52bccd11-1276-4b28-85e9-01f89434c064,natalie.info,resell,,,medium,low,7,"Sav.com, LLC - 16",17/12/2025 15:15,17/12/2026 15:15,26/09/2026 07:43
2b83eea9-e143-43fd-a9b0-3eada42b199e,servant.info,resell,,,high,low,7,"Sav.com, LLC - 10",05/04/2026 15:16,05/04/2027 15:16,26/09/2026 08:56
198cbdc1-0576-4309-98a0-898db26876d4,senior.info,resell,,,high,low,6,"GoDaddy.com, LLC",01/08/2001 14:15,01/08/2027 14:15,26/09/2026 08:55
1b046369-65e3-4e90-bf4a-7c32a0d45c63,animation.info,resell,,,high,low,9,"GoDaddy.com, LLC",13/07/2002 19:47,13/07/2027 19:47,26/09/2026 03:53
a005ef4c-bcf6-4bc1-82f1-69ccbcd7446e,ding.info,resell,6771.2,35.99,medium,low,4,"22net, Inc.",03/12/2014 10:05,03/12/2026 10:05,28/09/2026 14:30
626cc07e-3697-4cab-909e-4a49cadf98da,colored.info,available,3.98,35.98,high,low,7,namecheap,,,22/09/2026 20:23
c345c130-58bd-411f-a82c-0212038dfece,aslant.info,available,3.98,35.98,medium,low,6,namecheap,,,07/08/2026 03:56
cd014917-2ea2-4425-993f-9501063b71b2,sevilla.info,resell,,,high,low,7,,,,29/09/2026 13:56
edf2c76a-3d62-48e9-a803-2f16776d4c3b,censored.info,resell,,,medium,low,8,Dynadot Inc,30/11/2023 15:15,30/11/2026 15:15,26/09/2026 04:49
6598f5d5-0f7a-41e1-8d9b-fca9228626c4,girl.info,resell,,,high,low,4,Moniker Online Services LLC,13/07/2002 19:25,13/07/2027 19:25,29/09/2026 13:16
cd480110-95ba-45f2-b327-b3054a4ff0e2,whorehouse.info,available,3.98,35.98,medium,low,10,namecheap,,,21/09/2026 18:13
bf406311-4368-45ef-9523-63de04ccbd3b,womanish.info,available,3.98,35.98,medium,low,8,namecheap,,,13/09/2026 12:58
eee01228-fd60-4aab-bad6-2bec24c19df1,aloe.info,resell,,,high,low,4,"GoDaddy.com, LLC",13/07/2002 19:35,13/07/2027 19:35,26/09/2026 03:48
181b8903-f835-4b33-b45f-e1ba0a2f62d9,emphasize.info,available,3.98,35.98,high,low,9,namecheap,,,16/09/2026 21:52
f6b0929c-f5b9-440b-bd67-a2aba550906e,grew.info,resell,,,high,low,4,Dynadot Inc,24/05/2026 17:00,24/05/2027 17:00,30/09/2026 22:49
3ea88026-56ea-4a98-b0ae-454de84deda9,alkyd.info,available,5.25,29.49,medium,low,5,namesilo,,,18/09/2026 08:33
b9848e71-ea05-4756-bec6-7225f58d0fb3,realized.info,available,5.25,29.49,high,low,8,namesilo,,,23/09/2026 17:28
d900b538-329b-43b2-a2ce-dc57c5c8627e,exonerated.info,available,3.98,35.98,high,low,10,namecheap,,,
2d4f093e-357d-40ac-997e-163fa77b532e,facies.info,available,5.25,29.49,medium,low,6,namesilo,,,29/09/2026 04:47
74814bb0-c7df-4e53-a837-117beda7f9ae,disclose.info,resell,,,high,low,8,,,,29/09/2026 20:42
cfc57b79-4315-4251-b7ed-76e91308d5d5,affidavit.info,available,5,29.49,high,low,9,unstoppable,,,28/09/2026 19:16
09c6e6e2-615a-4cd9-9db1-0b6c0e5163ac,offish.info,available,3.98,35.98,low,low,6,namecheap,,,04/09/2026 01:35
bd71e0a1-e496-4187-a834-0295b500af8f,tuppeny.info,available,3.98,35.98,medium,low,7,namecheap,,,10/09/2026 09:12
f83c5245-8e46-4a6d-9cb9-17596661db47,miserable.info,available,3.98,35.98,medium,low,9,namecheap,,,
f3cd37ae-8b0e-43fb-932b-36a3e1e3d049,mansfield.info,resell,,,medium,low,9,"Sav.com, LLC - 47",03/04/2026 15:15,03/04/2027 15:15,26/09/2026 07:25
f38700f3-5173-46b0-a5b3-aa24fcd9655c,thundering.info,available,3.98,35.98,high,low,10,namecheap,,,11/09/2026 15:14
f22dd751-4a02-4cc0-bfeb-4dd1d471ab9a,nigh.info,available,3.98,35.98,medium,low,4,namecheap,,,12/08/2026 12:04
af2392a8-ccde-4dee-a7a4-b7ce14b18156,abasic.info,available,3.98,35.98,medium,low,6,namecheap,,,
b10ebfb4-07f6-430f-ab1c-dae89d8e8e3b,manipulating.info,available,3.6,22.14,medium,low,12,porkbun,,,30/09/2026 14:55
9f913036-7dc9-4175-9758-8c30b495500b,tike.info,available,3.98,35.98,medium,low,4,namecheap,,,25/08/2026 00:12
6f14bdba-7dcc-4be2-847b-7915570bbc2e,overdue.info,resell,,,medium,low,7,Dynadot3 LLC,13/02/2025 15:15,13/02/2027 15:15,26/09/2026 07:58
2ad4e551-db71-47b0-b5b7-1f5b444ba10b,meteoric.info,available,3.98,35.98,high,low,8,namecheap,,,24/08/2026 21:53
894f379e-0ea4-44ab-8ca3-389d43056be1,brake.info,resell,,,medium,low,5,"Sav.com, LLC - 7",02/02/2026 15:15,02/02/2027 15:15,26/09/2026 04:35
babf3e40-ddf3-4a99-b96c-da026250a5be,feeding.info,available,5.25,29.49,high,low,7,namesilo,,,25/09/2026 22:30
d6730a95-a6da-40d9-a7e5-833b52ba04d9,matilda.info,resell,,,high,low,7,,,,29/09/2026 03:20
1c7b1a43-393b-47d6-a413-bfe4677c6c4d,gazing.info,available,3.31,21.94,high,low,6,spaceship,,,01/10/2026 22:38
67feebf8-27f7-49e6-90cd-205ad679c7ed,multiplying.info,available,5.25,29.49,high,low,11,namesilo,,,01/10/2026 06:06
3f96842d-60df-4b93-acff-e1adc38dd546,shadowy.info,available,3.98,35.98,medium,low,7,namecheap,,,10/09/2026 05:28
05385cf6-12a6-42fe-839f-dd3c0fff336f,pose.info,resell,,,high,low,4,"Sav.com, LLC - 39",20/08/2026 15:15,20/08/2027 15:15,26/09/2026 08:15
0a45609a-8b49-4e49-84ec-f9d80e881a24,subtropical.info,available,3.99,22.69,medium,low,11,dynadot,,,01/10/2026 16:02
0dd9481b-4d43-42f0-b499-0d7131f2f395,frequencies.info,resell,,,medium,low,11,,,,29/09/2026 10:28
67be3932-48f6-402f-a58a-2857f6315572,abm.info,resell,,,high,low,3,Dynadot Inc,08/01/2004 01:04,08/01/2028 01:04,26/09/2026 01:18
782407c8-6047-4099-a910-59b629fc0479,putting.info,available,5.25,29.49,high,low,7,namesilo,,,25/09/2026 10:11
afced9a7-a08f-477e-af62-20c0459bbc55,organisations.info,available,3.98,35.98,medium,low,13,namecheap,,,21/09/2026 01:37
da9ed5f9-89e2-4fe9-ba6f-14371c156e1a,norah.info,resell,,,medium,low,5,,,,01/10/2026 08:13
dc9623e9-8015-4b30-a4a6-045f74bff4fd,banality.info,available,3.98,35.98,medium,low,8,namecheap,,,12/08/2026 19:14
5500a7ed-047a-4cb9-852e-d8247d792673,unworthy.info,available,3.98,35.98,medium,low,8,namecheap,,,14/08/2026 04:05
ba43e8cf-152a-421a-ac98-77907169b8c5,citywide.info,available,3.98,35.98,high,low,8,namecheap,,,12/08/2026 09:00
e32ebe85-ef69-4bb0-b1fa-4e55c22e3d17,abdominous.info,available,3.98,35.98,medium,low,10,namecheap,,,
71b34f69-8783-4d70-865e-d281888adeca,infertile.info,available,3.98,35.98,medium,low,9,namecheap,,,22/08/2026 04:24
5f3c63ca-d143-41b7-87eb-fde89865f487,abstinent.info,available,3.98,35.98,high,low,9,namecheap,,,
cf62bbaf-34e8-41db-bf7d-d4b15cf6e5f4,jobless.info,resell,,,medium,low,7,"Sav.com, LLC - 12",24/12/2025 15:15,24/12/2026 15:15,26/09/2026 07:00
ea688b91-5e0e-4f93-96f2-fced86813178,constantine.info,resell,,,high,low,11,"Sav.com, LLC - 4",30/12/2025 15:15,30/12/2026 15:15,26/09/2026 05:12
5b1ed06b-de14-469c-aea8-ff3617323789,shales.info,available,5,,low,low,6,unstoppable,,,28/09/2026 17:57
aa4f3d0b-de2b-45aa-80b5-6103993d4c4a,lyon.info,resell,,,high,low,4,,,,01/10/2026 20:25
60a8256a-80ee-482c-a4b1-e61f3c0f4e67,compel.info,available,3.98,35.98,medium,low,6,namecheap,,,03/09/2026 23:39
f7cc3eb1-dc31-49d2-8acf-6b48d2b0a029,launching.info,available,3.31,21.94,high,low,9,spaceship,,,29/09/2026 00:37
f1e50e11-0291-4431-baa4-10c3ebb95d8a,aflame.info,available,,,medium,low,6,,,,
6e6d5ef0-6ac1-418b-8c43-bd7891750227,dreaded.info,available,3.98,35.98,medium,low,7,namecheap,,,14/08/2026 08:53
b65f5b21-4034-4027-90f0-4ea94455f7fb,supervise.info,available,21.2,21.2,high,low,9,cloudflare,,,30/09/2026 05:05
eae20934-3f45-43bb-9a72-1a58358f444a,puzzling.info,resell,,,high,low,8,Porkbun LLC,30/09/2025 21:45,30/09/2027 21:45,01/10/2026 04:44
c62f5c5b-3f9e-4278-9858-053dcda7c3e2,sloth.info,resell,,,high,low,5,"Sav.com, LLC - 34",07/03/2024 17:00,07/03/2027 17:00,28/09/2026 17:33
09975b18-036b-42ae-abf3-e6f4f2490d86,corruption.info,resell,,,medium,low,10,"Sav.com, LLC - 38",11/01/2026 15:16,11/01/2027 15:16,29/09/2026 11:41
667a563d-9e73-4dca-917a-6146305f2a62,ferrell.info,available,3.31,21.94,medium,low,7,spaceship,,,30/09/2026 13:47
3b9cb2ca-1c34-4b2f-8a30-552aa4b85e24,smuggled.info,available,3.98,35.98,medium,low,8,namecheap,,,22/09/2026 21:31
45ae65e7-6bfa-4b3f-8897-f61c6a9778e8,overgreedy.info,available,3.98,35.98,medium,low,10,namecheap,,,04/09/2026 20:38
ad34f8d7-2878-4f25-9ace-84144abb6830,bsa.info,resell,,,high,low,3,,,,29/09/2026 02:49
8bd128ab-6f54-4164-8f0f-d8cb04c3a808,erse.info,available,3.98,35.98,medium,low,4,namecheap,,,18/08/2026 19:28
13ee5ac7-a9ed-4698-88d8-60db62b8e977,arises.info,available,3.31,21.94,low,low,6,spaceship,,,30/09/2026 07:05
9f563ad6-0c88-4838-aeb5-2f27fc691c14,introducing.info,resell,,,medium,low,11,Dynadot Inc,29/04/2026 17:00,29/04/2027 17:00,26/09/2026 06:56
00127b5f-2432-426f-ab28-9465766c7511,stoical.info,available,3.98,35.98,medium,low,7,namecheap,,,10/09/2026 20:59
fb93b025-249a-4f85-a241-0bc917aa68e1,baic.info,resell,,,medium,low,4,InterNetX GmbH,28/07/2010 12:15,28/07/2027 12:15,26/09/2026 04:13
48886f85-df4f-41cf-9bbd-4595e6ede290,ripped.info,available,5.25,29.49,high,low,6,namesilo,,,27/09/2026 17:41
3f3453f6-eabf-4f32-a9b0-c5189377489c,capably.info,available,3.98,35.98,medium,low,7,namecheap,,,13/09/2026 16:22
0b392bd8-f2e4-4104-bf7d-03fc3cfe7909,sluicing.info,available,3.98,35.98,medium,low,8,namecheap,,,10/09/2026 11:31
9accff59-2508-43cf-8416-8090b1aa30ce,boric.info,available,3.98,35.98,medium,low,5,namecheap,,,10/08/2026 19:48
4f4d3f08-2a1e-4499-8db4-e7b9f1303ec2,heavy.info,resell,,,high,low,5,"GoDaddy.com, LLC",24/08/2001 14:13,24/08/2027 14:13,26/09/2026 06:37
72321b24-c772-4e15-b461-6473c85607f4,wavell.info,available,3.98,35.98,medium,low,6,namecheap,,,20/09/2026 02:03
15c32cf2-746a-4128-84d0-2e6a17de140b,grains.info,resell,,,high,low,6,"GoDaddy.com, LLC",13/09/2001 18:06,13/09/2027 18:06,26/09/2026 06:28
a8725772-0d8e-4cb4-b365-aea6430e4bd4,surrounds.info,available,5,,medium,low,9,unstoppable,,,30/09/2026 15:44
109136db-3a14-4679-9d6d-266685f0b709,arctangent.info,available,5.25,29.49,medium,low,10,namesilo,,,20/09/2026 01:30
d39f53d2-863c-43e8-bd52-0a0ef80457cb,outfits.info,resell,,,medium,low,7,,,,28/09/2026 23:41
b03876ba-333b-4059-b494-e5867ec9150e,assassinate.info,available,3.6,22.14,medium,low,11,porkbun,,,30/09/2026 19:24
524e7897-f356-4347-ae9e-9d047d17d879,seeable.info,available,3.98,35.98,medium,low,7,namecheap,,,10/09/2026 01:41
06269c90-c18c-4daa-88a2-c7e9c96d1afe,turgot.info,available,5.25,29.49,medium,low,6,namesilo,,,19/09/2026 10:21
43d55cfc-666a-4552-a448-808fabf6da69,drudgery.info,available,3.98,35.98,medium,low,8,namecheap,,,08/09/2026 21:19
c2e0b42b-8e66-412a-aa52-366653e7c912,rapturous.info,available,3.98,35.98,medium,low,9,namecheap,,,14/08/2026 23:48
29571281-f3f8-40c5-a969-c42660d5d553,thoughtless.info,available,5,29.49,medium,low,11,unstoppable,,,01/10/2026 08:10
20845ea9-19e2-4dfb-9840-2c5c09e79370,abnormally.info,available,3.98,35.98,medium,low,10,namecheap,,,13/09/2026 16:24
129a4e92-0681-4342-a4c7-193e5638cd42,appanage.info,available,5.25,29.49,medium,low,8,namesilo,,,19/09/2026 16:11
53bdc7c2-b448-420d-a9a3-ec7485540382,aoc.info,resell,,,high,low,3,,,,30/09/2026 19:51
c22afe52-9a79-42cf-8465-d0e577d4f5d6,relocated.info,available,3.98,35.98,medium,low,9,namecheap,,,09/09/2026 13:39
aceefeea-7b18-47c2-afa6-2582f47c0cf8,lodging.info,resell,,,high,low,7,,,,30/09/2026 01:55
0220a25f-dea0-4dfb-b117-6d88118e6319,sermons.info,available,21.2,21.2,medium,low,7,cloudflare,,,01/10/2026 17:38
017d9406-eb40-4203-8ff9-71098bb492d9,lanky.info,available,3.98,35.98,medium,low,5,namecheap,,,18/08/2026 20:11
2407a58d-78c8-40b2-8637-0d6bef7899e4,arable.info,available,3.99,35.99,medium,low,6,name.com,,,
f3d711e3-6c38-413c-8f19-647048f010c7,bellamy.info,available,21.2,21.2,medium,low,7,cloudflare,,,28/09/2026 12:15
d5f22191-8628-4e89-94fc-e77da37ef868,adorables.info,available,3.31,21.94,high,low,9,spaceship,,,02/10/2026 03:03
f6dda026-1262-411c-b9ae-af58c341ef6d,teenage.info,resell,,,high,low,8,Dynadot Inc,22/12/2025 13:56,22/12/2026 13:56,26/09/2026 09:32
fe860299-3f9a-4838-a1e3-57e43b4d8128,votive.info,available,3.98,35.98,medium,low,6,namecheap,,,13/09/2026 07:17
48a5b447-c13a-4553-b9ca-735e4f5c3948,depress.info,available,5.25,29.49,medium,low,7,namesilo,,,29/09/2026 15:56
e81612c0-d593-437c-92d4-a8946fdf6a46,honour.info,resell,,,high,low,6,Dynadot Inc,23/12/2025 15:26,23/12/2026 15:26,26/09/2026 06:43
0a902312-ff98-4d6c-a295-01e43a1fec27,empowering.info,resell,,,high,low,10,"Sav.com, LLC - 7",11/04/2026 15:15,11/04/2027 15:15,02/10/2026 01:02
dff796e4-6445-4590-9aa1-75d337bafe11,galois.info,available,5.25,29.49,medium,low,6,namesilo,,,02/10/2026 04:45
471c6558-f9f7-48d8-992d-0c2625c63ba0,carpal.info,available,3.98,35.98,high,low,6,namecheap,,,11/08/2026 19:34
4e847241-3de4-46f6-a938-b68dd87bd04d,arcane.info,resell,,,high,low,6,Netregistry Wholesale Pty Ltd,24/01/2024 17:00,24/01/2028 17:00,26/09/2026 03:58
0da08f85-5a4a-423a-9535-b0fb8f88899c,rapacity.info,available,5.25,29.49,medium,low,8,namesilo,,,21/09/2026 08:45
52cb8f0c-7e0e-431c-85f5-b7117a891118,hulky.info,available,3.98,35.98,medium,low,5,namecheap,,,21/08/2026 14:48
8753e060-b3dd-422c-97f5-2f075a265eec,motivate.info,resell,,,high,low,8,"eNom, LLC",14/09/2001 14:12,14/09/2027 14:12,27/09/2026 07:34
f70b1b08-39a0-44f0-8cd6-4b873ea621a2,cumulous.info,available,3.98,35.98,medium,low,8,namecheap,,,13/08/2026 10:30
a0631067-7dd8-4f99-b3d5-b3af39e1b7e0,carmine.info,resell,,,medium,low,7,Tucows Domains Inc.,04/03/2015 11:18,04/03/2027 11:18,26/09/2026 04:47
2584f37b-cd53-4f33-9bbb-88a71b219e15,farther.info,resell,,,high,low,7,"GoDaddy.com, LLC",22/05/2026 02:46,22/05/2027 02:46,26/09/2026 06:01
31ee6236-a9a0-461d-acc7-9076ba86b003,noted.info,resell,,,high,low,5,"Sav.com, LLC",09/02/2026 17:38,09/02/2027 17:38,26/09/2026 07:49
66a7a345-7f67-4ba4-86cb-fb8e806a4b8a,unbroken.info,resell,,,high,low,8,"Sav.com, LLC - 40",08/09/2026 15:15,08/09/2027 15:15,26/09/2026 09:50
ad0be57d-b84c-4383-85d0-46c71246251b,adiposity.info,resell,,,medium,low,9,"Sav.com, LLC - 41",21/04/2026 15:15,21/04/2027 15:15,26/09/2026 01:23
9490b907-e0d4-4d68-86ad-18bbb41b7c8f,purpose.info,resell,,,high,low,7,Netregistry Wholesale Pty Ltd,04/07/2025 15:15,04/07/2027 15:15,26/09/2026 08:25
3de69024-f116-4520-8d56-a68c8ca91338,wendell.info,resell,,,medium,low,7,,,,27/09/2026 20:17
9744ce1a-fb52-4139-a276-23d3cb25faff,thu.info,resell,,,medium,low,3,,,,30/09/2026 19:35
2878b061-d872-40a2-9a65-109f1f93cdd5,nodded.info,available,5.25,29.49,medium,low,6,namesilo,,,18/09/2026 03:34
901803e4-8c63-4ff3-8490-cc3ac8723071,gabrielle.info,resell,,,medium,low,9,,,,28/09/2026 21:50
be142b80-cfc9-4314-9348-65ceb44732c3,bangkok.info,resell,,,high,low,7,Epik LLC,31/07/2001 01:35,31/07/2027 01:35,26/09/2026 04:15
f534049f-ec53-45f7-8ad0-1772e32a5073,hobble.info,available,3.98,35.98,medium,low,6,namecheap,,,23/08/2026 13:26
83c30846-7e89-4f57-886b-2c1f70afe49d,zoologist.info,available,5.25,29.49,high,low,9,namesilo,,,19/09/2026 08:43
5277cf42-ca6a-48f7-8ad0-ecae56391105,crouch.info,available,3.98,35.98,medium,low,6,namecheap,,,10/09/2026 17:37
6cedd12c-e2ce-4840-8793-5f29782b71b9,footing.info,available,5.25,29.49,high,low,7,namesilo,,,22/09/2026 11:02
ad65df7e-9d83-44b8-bf02-1333c6a78618,andalusia.info,resell,,,medium,low,9,"GoDaddy.com, LLC",15/09/2001 07:58,15/09/2027 07:58,26/09/2026 03:52
bff52f3f-3326-4250-baeb-08ece26f700b,plate.info,resell,,,high,low,5,"Sav.com, LLC - 42",05/04/2026 15:15,05/04/2027 15:15,29/09/2026 10:15
3ce0211a-4050-4180-b2c0-9fa210a83900,acold.info,available,3.98,35.98,medium,low,5,namecheap,,,
2d53fa41-0127-4f97-9811-adfa25d5ca1b,theological.info,available,3.99,22.69,medium,low,11,dynadot,,,01/10/2026 13:13
33622bca-af6f-412e-9dfb-92c8ab7b6661,callous.info,available,3.98,35.98,medium,low,7,namecheap,,,11/08/2026 14:30
12063c93-10c4-4125-a73b-cee18e58b82c,whereas.info,available,5,,high,low,7,unstoppable,,,01/10/2026 00:02
5a3a7e9a-4bc4-4efa-ab00-3c290d700ed2,species.info,resell,,,high,low,7,"GoDaddy.com, LLC",15/09/2001 08:15,15/09/2027 08:15,26/09/2026 09:11
15a525e6-7ac3-4b30-913b-68b9a7ff973f,cavity.info,available,3.98,35.98,medium,low,6,namecheap,,,28/09/2026 13:34
229c4bf7-03b3-40dc-a14d-1cac623939af,pena.info,resell,,,medium,low,4,,,,30/09/2026 13:00
ed5f06c3-4208-4365-9de3-288cae22a734,snr.info,resell,,,high,low,3,,,,30/09/2026 12:29
3fbea587-db88-4fc4-ad47-92c6dbe62fb9,gracile.info,available,3.98,35.98,medium,low,7,namecheap,,,20/08/2026 17:29
6d06ccce-bf2d-48ec-8570-942faabf5983,nestorian.info,available,3.98,35.98,medium,low,9,namecheap,,,03/09/2026 15:50
69e91627-a2d4-46ed-8c19-75e85b780caa,algorism.info,available,5.25,29.49,medium,low,8,namesilo,,,18/09/2026 07:14
ea9a79a3-4df0-4c81-bfe6-11843ae8fc51,laterally.info,available,3.98,35.98,medium,low,9,namecheap,,,15/09/2026 10:56
c6500ad0-d5f3-4bba-bc3d-55846a940158,amora.info,resell,,,high,low,5,"Sav.com, LLC - 41",03/12/2025 15:15,03/12/2026 15:15,26/09/2026 03:51
d5ed1405-deea-48b3-94dc-54f5ede29b1c,prisms.info,available,5.25,29.49,medium,low,6,namesilo,,,21/09/2026 00:27
a7765b48-863a-41f0-a8a8-192cbfe9cbd9,goddard.info,available,3,29.99,medium,low,7,godaddy,,,30/09/2026 01:46
4e6f4561-3b1e-4efa-8103-6567761d311a,alopex.info,available,5.25,29.49,medium,low,6,namesilo,,,18/09/2026 13:19
3ab3b862-79a2-40e0-8eff-398405609730,darkening.info,available,5.99,39.99,medium,low,9,name.com,,,13/08/2026 18:10
9e03a43a-7615-4857-aeb5-ea1ee088a582,unleaded.info,resell,,,high,low,8,"GoDaddy.com, LLC",18/02/2004 10:20,18/02/2027 10:20,26/09/2026 09:52
3519455c-8b26-48dc-8039-ce6eeb8e2036,newsletters.info,resell,,,high,low,11,"GoDaddy.com, LLC",15/09/2001 08:21,15/09/2027 08:21,26/09/2026 07:46
dc305fc9-dbb8-4f6e-8ed4-fe7a20e26ddf,chartered.info,available,3.98,35.98,medium,low,9,namecheap,,,12/08/2026 02:47
fbe33115-03ac-4b1e-9b02-6cf1504a5dd3,streaky.info,available,3.98,35.98,medium,low,7,namecheap,,,10/09/2026 22:22
d4fa280e-4cec-41a1-9032-e11ee0cfdb3d,emissions.info,resell,,,medium,low,9,,,,01/10/2026 14:49
a94fd4f9-0f25-4517-8223-b44d5fbd5945,exclaimed.info,available,5.25,29.49,medium,low,9,namesilo,,,18/09/2026 01:31
e9ac7c3f-c41d-4190-a181-31248f0513dc,barnstable.info,available,5.25,29.49,medium,low,10,namesilo,,,01/10/2026 11:53
10dee034-7f89-4e08-a919-a825f5945aa2,abjuration.info,available,5.25,29.49,medium,low,10,namesilo,,,16/09/2026 15:59
bc7ed7c5-008a-4945-a0bb-efe616407243,undesired.info,available,3.98,35.98,medium,low,9,namecheap,,,12/09/2026 07:49
2970278d-3849-4043-a9b1-003fa305c948,brownie.info,resell,,,high,low,7,"Sav.com, LLC - 6",18/05/2024 17:00,18/05/2027 17:00,29/09/2026 04:38
edbfac19-eda8-4b82-bb6f-a71bc73f2d15,inscription.info,resell,,,high,low,11,,,,29/09/2026 15:57
b32d2a0e-681a-4a7c-bcc0-229380875e62,lakota.info,available,5,,high,low,6,unstoppable,,,29/09/2026 13:15
1d4f858e-af3c-47b3-9e53-73e798eadeeb,beechnut.info,available,3.98,35.98,medium,low,8,namecheap,,,23/09/2026 00:13
253a2080-0187-43ad-bd98-50f893d1a2f8,coventry.info,resell,,,medium,low,8,"Sav.com, LLC - 38",21/12/2025 15:15,21/12/2026 15:15,26/09/2026 05:17
8b578c5a-6d58-4532-a609-7102aa5562fb,coastward.info,available,3.98,35.98,medium,low,9,namecheap,,,14/09/2026 07:23
4f0a7178-c74a-4ca7-90e8-b069669af377,obligated.info,available,3.99,22.69,medium,low,9,dynadot,,,29/09/2026 21:21
f403c29c-e85c-4933-a4a2-3af9baedca82,civilised.info,available,3.98,35.98,high,low,9,namecheap,,,12/08/2026 09:08
36d6d426-ffc5-4739-bb9e-449c2fd78cdb,smokes.info,available,21.2,21.2,low,low,6,cloudflare,,,02/10/2026 03:50
584835c8-1efd-4799-bded-ab497879c0d7,relations.info,resell,,,high,low,9,"Sav.com, LLC - 44",11/03/2026 15:15,11/03/2027 15:15,30/09/2026 09:32
4b105498-a367-48e6-9ca7-31a970546727,repeated.info,available,5.25,29.49,high,low,8,namesilo,,,27/09/2026 11:04
7e066ba3-be73-4e63-9a3d-eedc2544aad5,les.info,resell,,,high,low,3,Netregistry Wholesale Pty Ltd,09/01/2023 15:15,09/01/2028 15:15,01/10/2026 01:13
157e4d88-c619-4f5f-a391-b08271dcdc6f,guessed.info,available,5,,low,low,7,unstoppable,,,29/09/2026 11:03
22091914-9f2f-45af-b77a-777135362984,elysian.info,resell,,,high,low,7,"Sav.com, LLC - 43",20/09/2023 17:00,20/09/2027 17:00,26/09/2026 05:48
310b690a-e672-425a-9b8b-e4a39deaa46a,iterative.info,available,3.98,35.98,high,low,9,namecheap,,,22/08/2026 11:39
f1277758-df9a-4aab-ab07-6963a6143a17,timmy.info,resell,,,high,low,5,,,,01/10/2026 08:36
d74d59d5-c444-4d21-82a9-018749cbb564,elapsed.info,available,3.98,35.98,medium,low,7,namecheap,,,16/08/2026 00:41
7d4593a1-bc78-4dbf-b3c7-2d9f730bd438,barbecued.info,available,3.98,35.98,medium,low,9,namecheap,,,08/08/2026 16:25
9b9fca74-517f-4f6d-83d0-f3ab93fa8003,screens.info,resell,,,medium,low,7,"GoDaddy.com, LLC",22/09/2001 10:33,22/09/2027 10:33,01/10/2026 17:23
5a56b29c-924c-446a-abf5-49f24fed69dc,romanist.info,available,3.98,35.98,medium,low,8,namecheap,,,05/09/2026 01:28
15ac4131-aa82-49a8-93ee-2e652e3567ba,changsha.info,resell,,,medium,low,8,,,,02/10/2026 00:31
f9ff6496-b2a0-4821-854b-687142944a43,glowingly.info,available,3.98,35.98,medium,low,9,namecheap,,,14/09/2026 21:48
172b0ab5-6892-4a56-b0c7-b74f2cc4ca0e,minatory.info,available,3.98,35.98,low,low,8,namecheap,,,24/08/2026 19:58
75c9b4d3-9fc4-40be-a2b4-ce29900cf3d4,decayable.info,available,3.98,35.98,low,low,9,namecheap,,,13/08/2026 20:54
b3253b5b-5ded-46ea-9600-efab4447d4bd,pick.info,resell,,,high,low,4,1API GmbH,05/02/2016 10:06,05/02/2027 10:06,26/09/2026 08:09
b78b9af6-a96c-4436-876d-4d4a146cf476,uveal.info,available,3.98,35.98,medium,low,5,namecheap,,,13/09/2026 00:22
078a9253-3e82-4a93-b95d-39066583c46c,past.info,resell,,,high,low,4,Dynadot Inc,05/12/2003 03:15,05/12/2028 03:15,27/09/2026 02:57
653673d4-b336-4c6d-b4ed-4f9ffa0879be,centroidal.info,available,3.98,35.98,medium,low,10,namecheap,,,12/08/2026 00:18
8861f515-a8c2-4285-8612-d8b9c4f228b0,getatable.info,available,3.98,35.98,high,low,9,namecheap,,,18/08/2026 23:00
5388b8ef-663e-4505-9ee8-7672166eb514,roots.info,resell,,,high,low,5,"Global Domains International, Inc. DBA DomainCostClub.com",03/03/2026 15:15,03/03/2027 15:15,30/09/2026 10:25
98ecf945-5bbc-491a-aba4-d3dccdfad732,exports.info,resell,,,medium,low,7,,,,02/10/2026 02:53
a97dea3c-cdc4-478d-8d86-6797024df9d1,enatic.info,available,3.98,35.98,low,low,6,namecheap,,,16/08/2026 21:20
8d87e856-0da2-4c2a-bffe-172a1dbaff2a,bonnet.info,resell,,,high,low,6,"Sav.com, LLC - 42",07/12/2025 15:15,07/12/2026 15:15,26/09/2026 04:32
8e052e3f-282e-4610-93d4-90745bbf40f7,maledict.info,available,3.98,35.98,low,low,8,namecheap,,,
826c692d-c7ad-4880-832a-4df6e61dba4d,nth.info,resell,,,medium,low,3,"Sav.com, LLC - 25",29/12/2025 15:15,29/12/2026 15:15,26/09/2026 07:49
ca4efbd6-ce42-406a-ab8b-d3b6b6fd500d,hog.info,resell,,,high,low,3,,,,28/09/2026 10:04
4c6cb359-5473-47a5-b5e2-090ffeacc312,reserved.info,resell,,,high,low,8,Dynadot Inc,01/06/2026 17:00,01/06/2027 17:00,26/09/2026 08:37
b3129a66-753a-411e-a012-8cdbdf9c5bc6,iron.info,resell,,,high,low,4,"Megazone Corp., dba HOSTING.KR",22/09/2001 07:23,22/09/2027 07:23,26/09/2026 06:57
e7ab7594-034c-4689-aa97-f4c9cf190ef9,clathrate.info,available,3.98,35.98,medium,low,9,namecheap,,,11/08/2026 16:23
43c98b78-1a75-434a-95a6-81e882bdb048,talented.info,resell,,,high,low,8,"Sav.com, LLC - 42",09/02/2026 15:15,09/02/2027 15:15,26/09/2026 09:30
0fdb2b77-7ad5-4302-ae92-35da7c7c84b0,sumbuddy.info,available,3.31,21.94,low,low,8,spaceship,,,02/10/2026 04:45
a39e70c7-4ba3-4b2d-a1ee-6affe3bd0a28,load.info,resell,,,high,low,4,"Sav.com, LLC",27/04/2004 09:40,27/04/2027 09:40,26/09/2026 07:17
d9a11930-da21-44c1-8ba8-30e1f159a0ab,scoop.info,resell,,,high,low,5,Dynadot Inc,10/08/2001 16:56,10/08/2027 16:56,26/09/2026 08:51
16d6111d-846b-4518-aa69-76d3913f4531,plumping.info,available,3.98,35.98,medium,low,8,namecheap,,,08/09/2026 21:52
d88689a8-5b42-4f83-a9f5-1e98294f500d,barbu.info,available,5.25,29.49,medium,low,5,namesilo,,,22/09/2026 05:04
354c801f-5d53-4f08-9c86-2e42ddcd8f0e,reversed.info,available,5.25,29.49,high,low,8,namesilo,,,27/09/2026 14:11
69295dea-8617-45af-9f4a-657b6338562b,postwar.info,available,3.98,35.98,medium,low,7,namecheap,,,09/09/2026 00:42
27fcb081-00c9-468d-b759-079c34a9877c,kleenex.info,available,3,29.99,high,low,7,godaddy,,,30/09/2026 01:39
c8d54694-2774-4a12-9f64-749ce51a9da5,cheat.info,resell,,,high,low,5,Dynadot Inc,07/12/2005 09:42,07/12/2027 09:42,26/09/2026 04:53
6e3ce691-2703-44f3-b49e-7d7fcf3cf598,missionaries.info,available,5.25,29.49,medium,low,12,namesilo,,,30/09/2026 15:09
88940466-0dc6-488d-880d-5ef9e7902f95,annelidan.info,available,3.98,35.98,medium,low,9,namecheap,,,
1a08d6d0-bf5d-4368-a69b-f132b00d94d5,anti.info,resell,,,high,low,4,InterNetX GmbH,27/11/2004 09:51,27/11/2027 09:51,26/09/2026 03:54
2dad0d9b-6950-42e1-af7e-be94f1b7f5fb,retrieve.info,resell,,,high,low,8,"NameCheap, Inc.",26/05/2025 15:16,26/05/2027 15:16,30/09/2026 09:11
96e8dbec-7a99-4648-bab3-c901353a6425,goby.info,available,5.25,29.49,medium,low,5,namesilo,,,16/09/2026 16:23
8da0754f-e4fa-4053-9455-1314b356adfb,snip.info,resell,,,high,low,4,"Sav.com, LLC - 48",31/08/2026 15:15,31/08/2027 15:15,26/09/2026 09:07
a53f4fa3-dc20-4c79-9b0f-d9181cc15cb1,scag.info,available,3.98,35.98,medium,low,4,namecheap,,,23/09/2026 14:40
e54b8d02-8e37-4cc8-bd55-7eadb2195021,trotsky.info,available,3.6,22.14,medium,low,7,porkbun,,,28/09/2026 19:41
91828ab0-5158-431c-8df1-0e770d24d466,lockdown.info,resell,,,high,low,8,,,,30/09/2026 02:10
f37a5b56-d1a5-47ad-bb60-5aed28695df7,conway.info,resell,,,high,low,6,Netregistry Wholesale Pty Ltd,09/09/2025 17:00,09/09/2027 17:00,26/09/2026 05:14
9aad8821-6257-4ab5-9eec-1bfc3416b14c,relentless.info,resell,,,high,low,10,"Sav.com, LLC - 39",12/12/2025 15:15,12/12/2026 15:15,26/09/2026 08:35
7a700c6d-80d6-40f0-89b0-52d4ca186d02,philippines.info,available,,,high,high,11,,,,
cbcdd89e-b162-4deb-b697-f4a9e87e37a2,ladylike.info,available,3.98,35.98,medium,low,8,namecheap,,,22/08/2026 18:38
f077c9e9-2119-43d9-a988-66dfc606e849,tractable.info,available,3.98,35.98,medium,low,9,namecheap,,,24/08/2026 15:10
65e3bcf7-49f3-42a7-9f55-0af4aaeacfc0,failures.info,available,3.98,35.98,low,low,8,namecheap,,,20/09/2026 17:55
aef7ced8-26ed-4981-8f9b-3d7526267e84,hidden.info,resell,,,high,low,6,Unstoppable Domains Inc,15/09/2001 11:27,15/09/2027 11:27,26/09/2026 06:39
34e20da1-f136-4c32-b951-af48d02c76e2,nuevo.info,resell,,,medium,low,5,,,,28/09/2026 04:18
f3803209-5a7b-45d1-9eb9-345cdbeb38a2,punched.info,available,5.25,29.49,medium,low,7,namesilo,,,19/09/2026 01:53
5257f3b9-fa38-462c-a685-66e931c46278,autobahn.info,resell,,,high,low,8,Dynadot Inc,13/07/2002 19:44,13/07/2027 19:44,26/09/2026 04:09
5e914c26-441c-49b6-9c3e-11f16cedd6df,jing.info,resell,,,high,low,4,,,,30/09/2026 19:50
d5fd82c9-9cc4-443c-8ae2-fbc783a06e03,delegates.info,available,3.98,35.98,medium,low,9,namecheap,,,29/09/2026 17:31
fc8a02b1-949a-4473-900f-d9afdf5cc473,banking.info,resell,,,high,low,7,,,,29/09/2026 01:02
a03f55fb-e0b8-49de-8777-2a1561a7eda1,biting.info,available,3.98,35.98,medium,low,6,namecheap,,,08/08/2026 16:41
efc61e50-3aae-4f9a-800a-70c6122f325f,ajaia.info,available,5.25,29.49,medium,low,5,namesilo,,,17/09/2026 23:39
7b07f4ff-7f5e-4f6a-aaf5-dc3418958d11,regular.info,resell,,,high,low,7,Moniker Online Services LLC,11/12/2003 06:01,11/12/2026 06:01,27/09/2026 11:38
c1d19c55-97ad-4aaa-9422-4ee4800b8fad,mantled.info,available,3.98,35.98,medium,low,7,namecheap,,,14/08/2026 18:25
8c3f04da-78d4-461b-904f-f3d08e06622a,template.info,resell,,,high,low,8,,,,30/09/2026 11:09
54284e76-4d9b-428f-960b-33c7e13eac61,hawkish.info,available,3.98,35.98,medium,low,7,namecheap,,,21/08/2026 01:38
2746905e-4df9-4827-98f4-686dd9ba4927,geraldine.info,available,5.25,29.49,medium,low,9,namesilo,,,28/09/2026 11:54
fc298640-eef9-4df4-b670-e6dc79ad353d,smarted.info,available,5.25,29.49,medium,low,7,namesilo,,,20/09/2026 16:41
88f573f6-be19-4ca7-bc1d-463ee0bc2ebe,chrysostom.info,available,3.31,21.94,medium,low,10,spaceship,,,02/10/2026 00:43
b43539e6-26e2-4b2a-ab3f-2d6776d168e3,songs.info,resell,,,high,low,5,Epik LLC,13/07/2002 19:37,13/07/2027 19:37,26/09/2026 09:09
f41245fb-8b23-4c2c-a390-c88e1fd7a57b,steady.info,resell,,,high,low,6,Netregistry Wholesale Pty Ltd,14/11/2025 15:15,14/11/2027 15:15,26/09/2026 09:17
5238e074-07a6-41c7-a092-9cd4d70bc792,sexist.info,available,3.98,35.98,medium,low,6,namecheap,,,10/09/2026 05:14
720a54c0-b1e9-47e6-a640-e486d4ed96b9,doppler.info,resell,,,high,low,7,,,,01/10/2026 18:57
c2deedd9-0fbd-438b-9204-33c01efbc006,introduced.info,available,4.75,29.49,high,low,10,namesilo,,,
92fe41e9-06db-4219-bfe9-007dbe650889,drumhead.info,available,3.98,35.98,medium,low,8,namecheap,,,14/08/2026 20:15
35a162c9-b252-4602-b0ec-d38f5da071af,gilt.info,resell,,,high,low,4,"Sav.com, LLC - 40",22/09/2026 15:15,22/09/2027 15:15,26/09/2026 06:23
ea5c3a5e-1852-419b-96eb-3efd0764eb79,jethro.info,available,5,,medium,low,6,unstoppable,,,01/10/2026 08:34
ab8b0438-115d-4cb5-8e31-251e7c16deb7,choky.info,available,3.98,35.98,low,low,5,namecheap,,,12/08/2026 06:42
8beb3f26-a4b2-47e7-b5ff-85d3061c7edd,lars.info,resell,,,high,low,4,,,,29/09/2026 09:31
b250a0f4-af69-449e-970e-0034efabe947,finding.info,resell,,,high,low,7,"Spaceship, Inc.",06/05/2024 17:00,06/05/2027 17:00,26/09/2026 06:05
ace6d622-d31a-48a7-b8f2-19d7067285d5,flatbottom.info,available,3.98,35.98,medium,low,10,namecheap,,,18/08/2026 06:51
4601b3ca-add3-4437-9704-7d36f0085b56,fragile.info,resell,,,high,low,7,"Sav.com, LLC - 40",25/06/2026 15:15,25/06/2027 15:15,26/09/2026 06:13
0818e37c-94d4-4b8f-bdd9-66511100daf6,argali.info,available,5.25,29.49,medium,low,6,namesilo,,,20/09/2026 04:09
d2ba050b-9093-42ad-8db7-a0b4182a34ca,cvp.info,resell,,,high,low,3,,,,01/10/2026 23:07
381c6168-8b6f-483b-baee-b2febe28d39b,providing.info,available,3.31,21.94,high,low,9,spaceship,,,28/09/2026 07:19
274fb55e-1cff-4aa0-aa16-011783342687,save.info,resell,,,high,low,4,"GoDaddy.com, LLC",13/07/2002 19:58,13/07/2027 19:58,28/09/2026 00:11
5a15c84e-c356-4f98-8bdd-9362cc32f8db,afrl.info,available,5.25,29.49,medium,low,4,namesilo,,,17/09/2026 15:27
5d392300-3941-4f5e-96bb-280c4746859c,ailanthus.info,available,3.98,35.98,medium,low,9,namecheap,,,17/09/2026 21:07
dd260072-4698-49c5-b9f4-80dfd37e93ac,occurred.info,available,5.25,29.49,medium,low,8,namesilo,,,18/09/2026 13:50
229e83c4-47ae-4189-8a78-92cbe088f425,earnest.info,resell,,,high,low,7,"Sav.com, LLC - 43",29/08/2025 15:15,29/08/2027 15:15,26/09/2026 05:44
fb18dfa1-c368-43d5-a4cc-a7b581846b15,untrod.info,available,3.98,35.98,low,low,6,namecheap,,,08/09/2026 10:33
29462af0-69b1-438b-bfe2-be846165c9af,flavorous.info,available,3.98,35.98,medium,low,9,namecheap,,,18/08/2026 07:08
578aa6a5-7cf0-4f54-bb7e-ccc5e3f9aa19,kidding.info,available,5,,high,low,7,unstoppable,,,29/09/2026 03:02
61899b04-502e-457d-ac78-e160d4fd7afb,loyally.info,available,3.98,35.98,medium,low,7,namecheap,,,15/09/2026 13:02
e067af98-5d71-4fa1-85f3-7f0a870baca9,profanely.info,available,3.98,35.98,low,low,9,namecheap,,,15/09/2026 21:40
49f7cf9a-2493-4a09-b411-b5c77e2a9515,untanned.info,available,3.98,35.98,low,low,8,namecheap,,,12/09/2026 21:00
5ae45703-6c99-4274-841f-b6f8f2e1bb61,pausanias.info,available,5,,medium,low,9,unstoppable,,,30/09/2026 21:56
cde2e552-4e06-43a2-80a7-b3a3e1ea53a7,snippet.info,resell,,,high,low,7,,,,30/09/2026 11:22
dec8500e-8f71-4cfb-acab-f0a0c3fa0d97,saf.info,resell,,,high,low,3,,,,30/09/2026 12:43
183606dc-cc4f-4ec9-8829-497736dc433f,mirrored.info,available,3.98,35.98,medium,low,8,namecheap,,,25/08/2026 01:11
bd0e02ef-ac54-4aff-adde-c40068f5ba7e,legislation.info,resell,,,high,low,11,,,,30/09/2026 06:03
f7599e56-b035-480a-955f-dfbc780ebea1,marvin.info,resell,,,high,low,6,"GKG.NET, INC.",03/05/2020 10:12,03/05/2027 10:12,26/09/2026 07:27
0f347253-36af-4fbf-ba43-264cb2621910,azotic.info,available,3.98,35.98,medium,low,6,namecheap,,,08/08/2026 02:53
2d3f3a83-313e-4541-893c-3f22e51fa0b9,slain.info,available,3.98,35.98,medium,low,5,namecheap,,,10/09/2026 09:53
a63f65cd-e8a2-4c08-9810-15b4ce800cb8,boiler.info,resell,,,high,low,6,,,,28/09/2026 13:34
9f03af3a-8f8e-409d-8b86-68b1d2d00dfa,overhang.info,available,3.98,35.98,medium,low,8,namecheap,,,09/08/2026 08:28
314cdc17-d24c-4102-83d7-d629329ef365,gallo.info,resell,,,medium,low,5,,,,28/09/2026 23:17
5cc524d3-0ea9-4373-9ecb-bfaf7f6cd69e,emission.info,resell,,,high,low,8,,,,30/09/2026 01:30
05579c5f-934a-471a-b946-6e157281b966,cue.info,resell,,,high,medium,3,"GoDaddy.com, LLC",21/09/2001 11:10,21/09/2027 11:10,29/09/2026 13:01
150e484d-ce3c-43ca-b7d7-9d4e2412acfc,noodle.info,resell,,,high,low,6,Dynadot Inc,12/02/2018 10:08,12/02/2027 10:08,26/09/2026 07:48
60cb53c4-ca10-43ff-9dc1-54a4a9e8dd25,prostatic.info,available,3.98,35.98,medium,low,9,namecheap,,,09/09/2026 03:53
f8c8870d-219c-44c1-ae5c-1915d244a77b,ger.info,resell,,,high,low,3,,,,01/10/2026 22:45
4a1a473b-8754-4e33-8a37-6a8151a46a8a,orthopedic.info,resell,,,high,low,10,"GoDaddy.com, LLC",12/09/2001 09:24,12/09/2027 09:24,26/09/2026 07:57
d5b88344-c721-4f3a-bd4b-d8b586b81842,machine.info,resell,,,high,low,7,"Sav.com, LLC",17/07/2018 10:18,17/07/2027 10:18,30/09/2026 09:36
8b1c5578-cf28-4815-a972-8ff7f5a68233,mic.info,resell,,,high,low,3,,,,30/09/2026 03:43
b787d59c-4c25-4a37-b1f5-9d132605ae70,incorporated.info,resell,,,medium,low,12,,,,28/09/2026 22:28
4567a57f-2ebf-4683-b77c-3f6887dac9ea,tedious.info,available,5.25,29.49,medium,low,7,namesilo,,,23/09/2026 00:32
7033e3c7-2968-484b-8d73-c10e3717c5ba,retaliation.info,available,3.31,21.94,medium,low,11,spaceship,,,29/09/2026 23:02
bb001290-b625-42fe-ad9b-3a318016f4f4,yoko.info,resell,,,medium,low,4,,,,30/09/2026 22:00
6721acde-0d9e-4963-9699-b41fe5324f2d,untroubled.info,available,3.98,35.98,medium,low,10,namecheap,,,10/09/2026 01:30
1a5fae59-eb85-4801-b119-e48d96e9bf23,savannah.info,resell,,,high,low,8,,,,30/09/2026 02:47
64ecfef4-902b-4136-860e-b5656c4b058b,morelos.info,available,3.31,21.94,medium,low,7,spaceship,,,30/09/2026 21:17
262a09bd-d4fd-47dc-8907-26b993449c40,laying.info,available,5.25,29.49,high,low,6,namesilo,,,25/09/2026 22:34
2d5c7d83-b850-47ad-8dd1-9765e462a2dd,suggestive.info,available,3.98,35.98,medium,low,10,namecheap,,,21/08/2026 22:34
7b846e71-e423-46d7-9cfd-5c06e7dba950,gratuitous.info,available,3.98,35.98,medium,low,10,namecheap,,,13/08/2026 03:14
9358987a-ecb1-4a28-8fab-9411bc6d8f6b,transmitted.info,available,5.25,29.49,high,low,11,namesilo,,,16/09/2026 07:54
865b07bd-f0f5-4750-bd4b-1934173f62fc,headquarters.info,resell,,,high,low,12,,,,27/09/2026 02:02
a0a7515d-a5b6-4866-aa87-f44baec02070,fleshly.info,available,3.98,35.98,medium,low,7,namecheap,,,
b7641cc2-e985-467c-b447-3d020966a45c,specimen.info,resell,,,high,low,8,,,,28/09/2026 03:06
7b71fa55-9cd8-4960-965f-2873df745cbf,hunker.info,available,3.98,35.98,medium,low,6,namecheap,,,10/09/2026 17:39
63994f35-5c48-46b7-af94-c20b09b998d7,criterion.info,resell,,,high,low,9,"Sav.com, LLC - 34",25/04/2026 15:16,25/04/2027 15:16,28/09/2026 00:29
b318db29-7aff-49b3-be6b-37f5040bb360,patti.info,available,5,,medium,low,5,unstoppable,,,28/09/2026 12:07
e3f79b62-5bad-4f74-81cc-3da5c0e076f6,legally.info,resell,,,medium,low,7,"Sav.com, LLC - 31",11/05/2026 15:15,11/05/2027 15:15,26/09/2026 07:11
5518a662-0c38-4f52-881a-3289e65c771f,moveable.info,available,3.98,35.98,high,low,8,namecheap,,,25/08/2026 09:05
45c2a611-d71f-4818-863f-207f62c2c48a,lesser.info,available,3.98,35.98,medium,low,6,namecheap,,,23/08/2026 00:24
1865329b-8841-4c20-9072-6d305128150b,conservatory.info,resell,,,high,low,12,,,,29/09/2026 03:18
f7e251db-9f98-4c9e-9b1f-2cea83bf417f,snatcher.info,available,5.25,29.49,medium,low,8,namesilo,,,16/09/2026 14:55
c0b2f323-05d1-46b0-8f37-52edc9a7187d,convoluted.info,available,3.98,35.98,medium,low,10,namecheap,,,12/08/2026 23:59
d89f91d2-e284-41df-92ef-55a254eedff6,vaccines.info,resell,,,medium,low,8,,,,02/10/2026 03:48
adbb5ba3-69f8-4a5a-a7a6-11e4514ceaf8,agents.info,resell,,,high,medium,6,"GoDaddy.com, LLC",13/07/2002 20:09,13/07/2027 20:09,01/10/2026 17:27
404f5c36-3ec8-4e87-bc0b-b01a30926765,killer.info,resell,,,high,low,6,Dynadot Inc,26/11/2004 10:16,26/11/2027 10:16,26/09/2026 07:05
bdc83b25-e48a-4729-bf27-72f88788bbbd,anhedonia.info,available,3.98,35.98,medium,low,9,namecheap,,,19/09/2026 07:46
3da1376e-c3ca-4a8b-865b-196cda4b1150,gusto.info,resell,,,high,low,5,Netregistry Wholesale Pty Ltd,05/03/2026 15:15,05/03/2028 15:15,29/09/2026 21:46
3f4b565e-8865-4374-8f64-aad97183de7b,pandora.info,resell,,,high,medium,7,Dynadot Inc,01/02/2023 15:15,01/02/2027 15:15,30/09/2026 06:23
0466b3ea-7327-47de-847e-8477f40e68b2,coffeecakes.info,available,5.25,29.49,medium,low,11,namesilo,,,21/09/2026 00:59
64fc383e-b4be-490b-ab28-3b182448045a,remnant.info,resell,,,high,low,7,"Sav.com, LLC - 46",28/05/2026 15:15,28/05/2027 15:15,26/09/2026 08:35
3bc43457-7e49-4f56-94e2-4724f3ed18dc,reusable.info,available,3.98,35.98,high,low,8,namecheap,,,09/09/2026 11:33
d7abb78d-83ec-4a04-9573-fcb4e8453f13,rendering.info,available,3.31,21.94,high,low,9,spaceship,,,29/09/2026 19:21
0414ef86-6844-4ce8-8a65-b999e24066e8,leyte.info,available,3.31,21.94,medium,low,5,spaceship,,,29/09/2026 01:34
541d5fe4-e423-49f4-bf15-3415c165dfef,dashingly.info,available,3.98,35.98,medium,low,9,namecheap,,,14/09/2026 10:41
2c3cb267-ea1f-4946-be94-8c87e5201f12,invested.info,resell,,,high,low,8,,,,28/09/2026 13:01
a3a3b9f4-fadb-4610-99cb-57a41213e647,troublous.info,available,3.98,35.98,low,low,9,namecheap,,,11/09/2026 20:27
2c90f662-f850-42fb-952f-77068eee43a0,jugular.info,available,3.98,35.98,medium,low,7,namecheap,,,22/08/2026 14:16
c2d21b6e-7902-4abc-ab6d-603828cfcf3d,bigamist.info,available,5.25,29.49,medium,low,8,namesilo,,,23/09/2026 15:02
d603e8e2-7fe1-48cb-b5fe-ff55e0b2e147,clashing.info,available,3.98,35.98,medium,low,8,namecheap,,,12/08/2026 09:40
a063e404-ae0a-47ea-8954-64d6a07c4859,daydream.info,resell,,,high,low,8,Netregistry Wholesale Pty Ltd,30/05/2025 15:15,30/05/2027 15:15,26/09/2026 05:26
e10faa10-77a7-46c6-a052-1b6c40c752f1,arhus.info,available,5.25,29.49,medium,low,5,namesilo,,,16/09/2026 13:26
44ad7213-125e-439e-9e7a-79c4aa5d0b70,heartening.info,available,3.98,35.98,medium,low,10,namecheap,,,21/08/2026 02:09
56705e3b-eb7e-41f7-a15b-264f25479761,antiquity.info,resell,,,medium,low,9,"GoDaddy.com, LLC",24/08/2001 10:09,24/08/2027 10:09,26/09/2026 03:54
af3613ee-fa4c-4b33-88fc-0c0bd232f8a3,irritating.info,available,,,medium,low,10,,,,
28ab5eca-d2f7-4821-a509-ed196bee6143,libby.info,resell,,,high,low,5,,,,28/09/2026 02:15
2aea75bf-1ce4-4fc7-b96a-a68d56bf3c67,gouty.info,available,3.98,35.98,medium,low,5,namecheap,,,20/08/2026 17:18
9df51bbd-9da9-4209-831b-a49b53f745e5,traumatic.info,available,3.98,35.98,medium,low,9,namecheap,,,11/09/2026 19:03
85492458-15a6-4ffd-9c58-9bdc2eeaa4fd,antacid.info,resell,,,high,low,7,"GoDaddy.com, LLC",21/09/2001 01:35,21/09/2027 01:35,26/09/2026 03:54
c1cd82ae-9c55-41f2-8dae-8de7e2410945,bistre.info,available,5.25,29.49,medium,low,6,namesilo,,,23/09/2026 22:12
6d074d3f-bcc7-426e-b0c7-a5cef6d366bd,taps.info,resell,,,high,low,4,,,,29/09/2026 20:29
5fff5282-d143-43b6-92c8-6307365ca6fa,marius.info,resell,,,high,low,6,,,,28/09/2026 03:53
4733c69a-25f7-4e01-9303-8c5c7914375d,cambria.info,resell,,,high,low,7,,,,29/09/2026 18:09
b3bc6a99-acea-4e1b-8e90-1911446ef7aa,goals.info,resell,,,high,low,5,,,,28/09/2026 07:10
6386b633-0b00-4299-b074-f75613474888,adonic.info,available,3.98,35.98,medium,low,6,namecheap,,,
bf9a3ed4-2e39-4cdd-9eae-3a355ef60d6e,saccharine.info,available,3.98,35.98,medium,low,10,namecheap,,,12/08/2026 12:48
6bbb0a01-db99-45dc-8bc7-982c9c780572,inflamed.info,available,3.98,35.98,medium,low,8,namecheap,,,22/08/2026 04:27
2539bdaf-be86-4558-9511-e95ac13c58fd,splenic.info,available,5.25,29.49,medium,low,7,namesilo,,,23/08/2026 01:27
6e5e51e0-1e4f-468e-8e07-5def49558283,dummy.info,resell,,,high,low,5,"Sav.com, LLC - 39",26/05/2025 15:16,26/05/2027 15:16,26/09/2026 05:43
e82c2f0a-9901-4e99-8674-74318d529b3b,victorian.info,available,5.25,29.49,high,low,9,namesilo,,,27/09/2026 05:38
e1623260-4cf7-43ba-9bf2-bfd8f51869fa,arquebus.info,available,5.25,29.49,medium,low,8,namesilo,,,20/09/2026 08:40
f4b2f5be-1d4e-44e1-ac65-0e1bb66d7de9,yelling.info,available,3.98,35.98,medium,low,7,namecheap,,,28/09/2026 06:53
891eb777-2a16-4310-aaad-ea8dc37e56d8,except.info,resell,,,high,low,6,Dynadot Inc,11/09/2026 17:19,11/09/2027 17:19,29/09/2026 13:57
d34a694b-e7fb-49a0-8c6d-684d9a4bce53,antitype.info,available,5.25,29.49,medium,low,8,namesilo,,,19/09/2026 15:14
59563607-17e7-4776-8390-fc9b0af1a1ad,firstborn.info,available,3.98,35.98,high,low,9,namecheap,,,16/08/2026 02:17
453251e0-b5c7-4fb6-b665-02639e9c74b2,anglesea.info,available,5.25,29.49,medium,low,8,namesilo,,,19/09/2026 06:27
d491f2b3-0cb4-43ef-b4b0-fe19b861164b,debase.info,available,3.98,35.98,medium,low,6,namecheap,,,
bc49b9dc-d75d-4eb2-a057-14ede33aa24b,cytherea.info,available,5.25,29.49,medium,low,8,namesilo,,,19/09/2026 17:16
9796d0ba-3b4f-4a76-bd60-3ce290ccce16,four.info,resell,,,high,low,4,"GoDaddy.com, LLC",13/07/2002 19:26,13/07/2027 19:26,26/09/2026 06:13
a8c09b96-5675-4171-830d-a18c64bb0607,asad.info,resell,,,medium,low,4,,,,02/10/2026 00:56
59331b30-6103-46d5-b527-dfd213d64bfd,ninth.info,available,3.98,35.98,high,low,5,namecheap,,,
7cbab02f-9af2-4a80-8c37-44d18168606f,hunchback.info,available,3.98,35.98,medium,low,9,namecheap,,,13/08/2026 07:49
15ebd699-47f0-4f03-b675-0e4b1ba85c68,incestuous.info,available,3.98,35.98,medium,low,10,namecheap,,,22/08/2026 01:12
4edcc947-2af4-422c-b7ab-7d62e14c7ae6,deducible.info,available,3.98,35.98,medium,low,9,namecheap,,,13/08/2026 22:25
07e2b8c4-e474-4310-9fba-181957aa600f,buttoned.info,available,3.98,35.98,medium,low,8,namecheap,,,11/08/2026 11:58
2d9a07f8-4b06-44bd-a4b8-530876fe088b,dangerously.info,available,5.25,29.49,medium,low,11,namesilo,,,29/09/2026 14:40
cdc02b22-5a84-4962-ac1d-0ad44fc64409,blackbird.info,resell,,,high,low,9,"GoDaddy.com, LLC",23/08/2015 10:12,23/08/2027 10:12,26/09/2026 04:27
073f5648-5551-4fdf-8373-19e8d4e3ffa2,booklist.info,available,3.31,21.94,high,low,8,spaceship,,,02/10/2026 03:01
e1dbd343-c190-4eee-b899-8961f1efa4f5,touchstone.info,resell,,,high,low,10,"Sav.com, LLC - 1",23/07/2026 15:15,23/07/2027 15:15,26/09/2026 09:41
5f175110-86a2-4aaf-b53b-160dc4b0b747,thankfully.info,available,3.98,35.98,high,low,10,namecheap,,,16/09/2026 08:28
93e76860-8957-4f39-9e48-428384e40c98,satiny.info,available,3.98,35.98,medium,low,6,namecheap,,,09/09/2026 21:41
150f3d28-1358-4148-9105-e0427b1cd97b,berbers.info,available,5.25,29.49,medium,low,7,namesilo,,,19/09/2026 23:24
8dd6de68-90de-429a-a3fa-100f7713bf43,sim.info,resell,,,high,medium,3,,,,30/09/2026 12:04
97d34568-16b2-44b2-8a06-1567644f39fb,stupefy.info,available,5.25,29.49,medium,low,7,namesilo,,,21/09/2026 17:33
48d45ca1-db20-42e5-9353-a08243475d1e,supernatural.info,resell,,,high,low,12,DropCatch.com 396 LLC,31/07/2026 15:15,31/07/2027 15:15,30/09/2026 23:38
185bcdee-eff2-40c7-891c-763bc344b2da,ashore.info,available,3.98,35.98,medium,low,6,namecheap,,,13/09/2026 22:07
4b76a60a-8171-4b4b-bb93-b244188d8a16,evolve.info,resell,,,high,medium,6,"GoDaddy.com, LLC",29/11/2003 02:58,29/11/2026 02:58,30/09/2026 19:18
cd74d064-a7a6-4d1f-a8d2-911a10f99dd1,touchable.info,available,3.98,35.98,medium,low,9,namecheap,,,11/09/2026 07:57
2d6a2ffb-011d-4f70-b4e6-e3bcbefec381,deficit.info,resell,,,high,low,7,"GoDaddy.com, LLC",25/02/2018 09:59,25/02/2027 09:59,29/09/2026 13:33
b64b2344-f9fa-49ba-8a29-ddfbb70eb1a2,squadrons.info,available,5,,medium,low,9,unstoppable,,,01/10/2026 18:19
845cc50c-cd34-4659-aa06-916c4bac85bd,overlooking.info,available,5.25,29.49,medium,low,11,namesilo,,,30/09/2026 00:35
e0b4ed01-947e-442c-a898-ee84724aad66,twiggy.info,available,3.98,35.98,medium,low,6,namecheap,,,11/09/2026 21:34
e11aa9c5-b373-4d09-a0af-d4d807bb4bcd,gandhian.info,available,3.98,35.98,high,low,8,namecheap,,,18/08/2026 20:06
4285f5b1-7fba-4219-8058-1c0fdfd76250,collapsed.info,available,3.98,35.98,low,low,9,namecheap,,,20/09/2026 18:10
15b4ecc8-8488-4bf1-bc70-d52927423e7f,textured.info,available,3.98,35.98,high,low,8,namecheap,,,12/08/2026 14:07
1e43b33e-6e10-4fba-979a-96c5dd74530f,synthesized.info,available,5.99,39.99,medium,low,11,name.com,,,17/09/2026 19:35
2b40c576-ae15-42b6-bd4b-bfbc534c3cf7,unexcited.info,available,3.98,35.98,medium,low,9,namecheap,,,12/09/2026 09:30
9208ddba-ed2a-4e97-9c9f-55d15ed084db,prostate.info,resell,,,high,low,8,"Spaceship, Inc.",13/07/2002 19:32,13/07/2027 19:32,26/09/2026 08:23
2211b0a8-5590-418e-b584-b5ceeb1f75a6,today.info,resell,,,high,low,5,IONOS SE,13/07/2002 19:39,13/07/2027 19:39,28/09/2026 22:29
1d7edda6-d736-4b75-b79a-fd8cbcc00cbb,disrespect.info,available,5,29.49,medium,low,10,unstoppable,,,29/09/2026 15:36
72f14b84-ab1e-4f35-ac42-f867b812be1d,gosh.info,resell,,,high,low,4,,,,30/09/2026 11:39
a703a45a-9922-4d34-9d37-24b97129cc06,garfish.info,available,3.98,35.98,medium,low,7,namecheap,,,23/09/2026 16:11
9f8adad2-53a9-4cd3-a91d-6574992f2b34,sleeves.info,available,5,,medium,low,7,unstoppable,,,29/09/2026 10:37
6cfebfbc-5d4b-461f-bfd3-428ce679f206,restive.info,available,3.98,35.98,medium,low,7,namecheap,,,15/08/2026 09:28
b99624bd-abd1-4bf3-b69e-94c8e04355fe,clips.info,resell,,,medium,low,5,,,,28/09/2026 23:13
04223fb5-d2be-47bf-85ed-559718cc4368,acth.info,available,5.25,29.49,medium,low,4,namesilo,,,17/09/2026 04:25
4d7769fd-c2cd-4c1f-a76e-62772582dc5a,heterodyne.info,available,3.98,35.98,medium,low,10,namecheap,,,21/08/2026 07:29
c4f9cfd8-558c-4f98-8dea-064ed9c2336c,instantly.info,resell,,,medium,low,9,"Sav.com, LLC - 31",29/04/2026 15:15,29/04/2027 15:15,26/09/2026 06:54
7b338e59-9500-43a9-9480-c96022b139f4,serious.info,resell,,,high,low,7,Netregistry Wholesale Pty Ltd,08/12/2025 15:15,08/12/2027 15:15,26/09/2026 08:56
f68ce7f4-e6c0-43a6-8ead-a66836afc059,success.info,resell,,,high,low,7,Dynadot Inc,29/12/2018 10:27,29/12/2026 10:27,28/09/2026 17:50
52c959ad-cbae-473b-9e73-ad09dc897587,carbonic.info,available,3.98,35.98,medium,low,8,namecheap,,,11/08/2026 18:37
fc99a5ed-235f-47f8-9496-4c0d4bcabded,darfur.info,available,3.99,22.69,medium,low,6,dynadot,,,30/09/2026 01:45
a0338e1d-36ba-4003-a92e-3cf6017de55d,bellowing.info,available,3.98,35.98,medium,low,9,namecheap,,,23/09/2026 06:18
0ad27939-7a79-4bb7-895a-e59a1a2eb384,sephardic.info,available,5.25,29.49,medium,low,9,namesilo,,,30/09/2026 06:25
29043895-3d4a-4ff6-a6c1-d3a1cda31d07,ebionite.info,available,3.98,35.98,medium,low,8,namecheap,,,14/08/2026 23:04
aa3bcf60-bc69-4e96-a1c1-948ba7f51fc4,transported.info,available,3.98,35.98,medium,low,11,namecheap,,,16/09/2026 07:05
5eb2562f-b201-4ccb-9ab5-f1635ac3b686,waffle.info,resell,,,high,low,6,,,,02/10/2026 06:39
f4be4e2d-7dcb-4697-8d88-2a387bb10e1a,eugenic.info,available,3.98,35.98,medium,low,7,namecheap,,,17/08/2026 14:11
be6b4058-a414-414d-afcf-16195ab92e55,conduct.info,resell,,,high,low,7,"GoDaddy.com, LLC",17/06/2026 15:05,17/06/2027 15:05,26/09/2026 05:11
2bfd627c-629e-4674-9c7a-2437b9a7e32b,keyset.info,available,5.25,29.49,low,low,7,namesilo,,,21/09/2026 00:17
1b98fb66-ac69-4dd4-869d-88004e3d6551,human.info,resell,,,high,medium,5,"Wild West Domains, LLC",13/07/2002 19:23,13/07/2027 19:23,26/09/2026 06:45
5f9d1981-f4f3-4bd3-8065-dd57f9a2de1e,tarnish.info,available,3.98,35.98,medium,low,7,namecheap,,,24/08/2026 12:50
d04dac4d-b3c2-4010-b10c-a9389f3af1f3,plagued.info,available,5.25,29.49,medium,low,7,namesilo,,,29/09/2026 03:23
b0785a70-e00e-4762-a880-497ae78b10ae,loafer.info,available,3.98,35.98,medium,low,6,namecheap,,,14/08/2026 14:12
9de7bd2b-72ec-457b-8483-20aaf03d40f7,yearlong.info,available,3.98,35.98,medium,low,8,namecheap,,,13/09/2026 14:24
abbe3783-9661-42fa-b22b-ab327a9849d9,acrobatic.info,available,3.98,35.98,high,low,9,namecheap,,,
a362ee55-42ca-4dd5-be10-a270fd92dac3,avionic.info,available,3.98,35.98,medium,low,7,namecheap,,,07/08/2026 23:35
3e4a1127-04c6-4dbc-b40b-b6e31f21e820,chirping.info,available,5.25,29.49,high,low,8,namesilo,,,01/10/2026 23:22
158b6379-fe28-47b0-aaae-a806fbdc32f5,suggest.info,resell,,,high,low,7,Dynadot Inc,26/11/2003 06:10,26/11/2026 06:10,29/09/2026 22:49
7c268220-f7a1-4529-b5c4-7c1d7681f678,northwards.info,available,3.98,35.98,medium,low,10,namecheap,,,03/09/2026 21:25
54ef8f7b-d60b-49bf-9029-9cc4efc4b6fd,ici.info,resell,,,high,low,3,,,,30/09/2026 05:17
a4dab01d-ea23-48ab-9425-4c66a259adc6,pucka.info,available,3.98,35.98,medium,low,5,namecheap,,,09/09/2026 05:26
9ef13cee-7f0b-4c56-a3ee-c75b83cbb827,summoned.info,available,4.75,29.49,medium,low,8,namesilo,,,
d80029e4-8350-4e66-8c4a-2f30fadcad27,invading.info,available,3.98,35.98,medium,low,8,namecheap,,,22/08/2026 02:12
1bad1d20-8393-4355-9451-c7f139db6a46,unexciting.info,available,3.98,35.98,medium,low,10,namecheap,,,12/09/2026 09:32
db7b6ba2-b2b2-41f1-95dc-b2d29fe10c92,ascent.info,resell,,,high,low,6,"Sav.com, LLC - 17",26/07/2022 13:15,26/07/2027 13:15,26/09/2026 04:03
af0773ef-bb15-4183-bc00-1ea248397dc1,impressions.info,resell,,,medium,low,11,,,,28/09/2026 23:21
8bc71d47-6957-4996-b393-b257fbc473de,liaise.info,available,3.98,35.98,high,low,6,namecheap,,,22/08/2026 08:15
5d5ebc67-2400-4b66-bf20-dd1794952c14,delhi.info,resell,,,high,low,5,Zhuimi Inc,02/10/2025 15:15,02/10/2027 15:15,26/09/2026 05:28
3fada8dc-5f08-4689-b5ef-26fc5bf01148,johnstown.info,resell,,,medium,low,9,,,,28/09/2026 22:27
50f98911-8c2e-4a7c-b26d-93ee874a89e2,cer.info,resell,,,high,low,3,,,,30/09/2026 16:38
9b1d061e-49d6-4a2c-9c25-f9a8c87646c0,hubbub.info,available,5.25,29.49,medium,low,6,namesilo,,,24/09/2026 10:52
9676624d-01ad-43aa-a0b1-1e6111c7943e,posted.info,resell,,,high,low,6,"NameCheap, Inc.",23/05/2012 16:34,23/05/2027 16:34,26/09/2026 08:16
420fab68-8f60-44d8-9af1-617a3bfc8ea7,scum.info,resell,,,high,low,4,,,,29/09/2026 08:02
fa64e200-5825-466f-9a21-ca97948077ef,betrothal.info,available,5.25,29.49,medium,low,9,namesilo,,,23/09/2026 11:34
03e0274e-c46c-42b5-9019-a6b6997a66f3,comedians.info,available,3.98,35.98,medium,low,9,namecheap,,,19/09/2026 23:33
96e8d49d-dbeb-4b1c-94f6-304de9a49c73,odorless.info,available,3.98,35.98,medium,low,8,namecheap,,,22/08/2026 06:02
fe3a4385-5a47-4711-a7ce-4206e46e553f,crooner.info,available,5.25,29.49,medium,low,7,namesilo,,,21/09/2026 22:42
42f0c87a-a784-4122-8143-b49d45a23c79,muhammadan.info,available,3.98,35.98,medium,low,10,namecheap,,,25/08/2026 03:21
9b2ff136-4951-46ac-8a81-dd330f5a37f3,plodder.info,available,3.98,35.98,medium,low,7,namecheap,,,10/09/2026 20:23
53de0cb2-a5a5-4523-84d1-38b9833db39f,replace.info,resell,,,high,low,7,101domain GRS Limited,11/01/2013 10:05,11/01/2028 10:05,28/09/2026 01:47
b9a89a75-503d-4ec7-b1c0-7ad9bac3bedf,abilities.info,available,5.25,29.49,high,low,9,namesilo,,,17/09/2026 04:45
7ef38298-8932-4ade-a18e-22139c8eab03,cleanup.info,resell,,,high,low,7,"Sav.com, LLC - 22",14/05/2026 15:16,14/05/2027 15:16,26/09/2026 04:58
0bf02e29-5f28-4522-9878-bdbf0265f355,harlot.info,available,5.99,39.99,medium,low,6,name.com,,,13/08/2026 14:19
9333e99c-5b8a-4361-a017-e1a46dd0f77b,fugal.info,available,3.98,35.98,medium,low,5,namecheap,,,18/08/2026 17:38
2f8612b4-7b88-410f-9dff-4112c94892a4,publish.info,resell,,,high,low,7,,,,28/09/2026 06:03
50b62535-71cd-4367-a5b8-0af6a4f14081,cuvier.info,available,5.25,29.49,high,low,6,namesilo,,,22/09/2026 07:06
176eec36-211f-4b88-9c73-79c3a3784f9f,cathari.info,available,5.25,29.49,medium,low,7,namesilo,,,18/09/2026 02:53
9eec8ea5-c07e-4503-8cda-7b0ce5a73b6a,basketry.info,available,5.25,29.49,medium,low,8,namesilo,,,22/09/2026 11:28
d3073d94-62d1-47dd-b646-a1c81cac5285,aeolis.info,available,5.25,29.49,low,low,6,namesilo,,,17/09/2026 12:32
b7aa01bd-6c1b-4e3a-ae32-bc1960970059,draw.info,resell,,,high,low,4,"GoDaddy.com, LLC",13/07/2002 19:30,13/07/2027 19:30,28/09/2026 23:10
3fecef4f-eda8-4f55-82bb-a37ddfb2e441,federalism.info,available,5,,medium,low,10,unstoppable,,,29/09/2026 12:14
6385b891-b009-43e1-bfac-13346f59929b,role.info,resell,,,high,low,4,Dynadot5 LLC,25/02/2019 10:24,25/02/2027 10:24,26/09/2026 08:43
aa028316-3210-4354-b955-f3c9a22cc30c,supra.info,resell,,,high,low,5,Netregistry Wholesale Pty Ltd,05/02/2016 10:07,05/02/2028 10:07,26/09/2026 09:25
9115c2dd-4b67-4749-ae79-195efd469a1f,tomboyish.info,available,3.98,35.98,medium,low,9,namecheap,,,21/08/2026 14:32
a0f63f0e-50c3-4bc9-8718-d0eed957f904,barry.info,resell,,,high,low,5,Dynadot Inc,25/11/2004 10:04,25/11/2027 10:04,26/09/2026 04:16
7af9b8a7-8ce1-44a2-b07c-a00734da5192,landowner.info,available,5.25,29.49,high,low,9,namesilo,,,01/10/2026 02:50
e7c8d139-fdc1-413e-a471-a87cc545d18b,dike.info,resell,,,medium,low,4,"Sav.com, LLC",01/09/2016 10:06,01/09/2027 10:06,26/09/2026 05:34
ca56c40c-bef3-4b43-a2c7-175eb4d31716,consortium.info,resell,,,high,low,10,"Sav.com, LLC - 2",16/06/2026 15:16,16/06/2027 15:16,26/09/2026 05:12
604d36d6-19ae-48f0-bf7f-a33b82df3f5f,plunder.info,available,5.25,29.49,high,low,7,namesilo,,,01/10/2026 18:45
21f86056-6793-4ef4-a454-d13c70774df4,cymry.info,available,3.98,35.98,medium,low,5,namecheap,,,13/09/2026 10:45
89c71ebd-b731-4c1d-958a-641061542583,dastardly.info,available,5.99,39.99,medium,low,9,name.com,,,13/08/2026 18:31
210ac1d8-832e-482a-a2c0-69a285deece8,joyously.info,available,3.98,35.98,high,low,8,namecheap,,,14/09/2026 21:30
e7afc87e-a437-4334-9f5e-8908965e7ce7,downscale.info,available,3.98,35.98,medium,low,9,namecheap,,,14/08/2026 17:52
d7d24067-2591-4a3b-85f0-9d27ba1f622b,abstention.info,available,3.98,35.98,medium,low,10,namecheap,,,16/09/2026 18:27
1b9b9f48-ecad-4c88-976b-71e9a1069523,emmet.info,available,5.25,29.49,medium,low,5,namesilo,,,19/09/2026 12:15
8974eb68-d099-4e55-8e34-1b9ba1cbf15a,endodontic.info,available,3.98,35.98,medium,low,10,namecheap,,,17/08/2026 01:06
390667bc-5ba8-4dd3-a470-e6f039893335,rife.info,resell,,,medium,low,4,"Sav.com, LLC - 24",30/03/2026 15:16,30/03/2027 15:16,26/09/2026 08:40
442b0f9e-84f7-4d63-8be1-cf860d73acb6,hideout.info,resell,,,high,low,7,,,,01/10/2026 19:58
7673d0b5-c6ca-449a-8294-8fa42c40d063,bugbane.info,available,3.98,35.98,medium,low,7,namecheap,,,18/09/2026 20:09
d92f7589-3dee-47f5-a9e2-6ef74688e121,strip.info,resell,11498.85,35.99,high,low,5,"Spaceship, Inc.",01/10/2025 15:15,01/10/2027 15:15,01/10/2026 04:46
a43943e7-9af2-4b72-9eb1-6fc9cc5789e8,unnumbered.info,available,3.98,35.98,medium,low,10,namecheap,,,13/08/2026 03:46
7e4928d6-bf8c-462d-8c02-51c4f6eb416f,accountability.info,resell,,,high,low,14,"Sav.com, LLC - 48",11/03/2026 15:15,11/03/2027 15:15,26/09/2026 01:20
e5d37c7c-7d86-4902-a9d5-416ab447080b,exposing.info,available,3.31,21.94,medium,low,8,spaceship,,,29/09/2026 10:25
01498435-b4fe-4bd8-8fc5-ae12669ccf82,silk.info,resell,,,high,medium,4,,,,27/09/2026 05:19
d33ae4b8-df95-4d13-a26a-ee2dce9e2e69,countries.info,resell,,,medium,low,9,NetEarth One Inc. d/b/a NetEarth,13/07/2002 19:24,13/07/2027 19:24,26/09/2026 05:17
e28ce89c-8f8d-449b-8613-567337adeab3,premise.info,resell,,,high,low,7,Dynadot Inc,16/07/2018 16:52,16/07/2027 16:52,26/09/2026 08:18
005f1fc6-365f-418e-a7b5-47e607383007,ionizing.info,available,5,,medium,low,8,unstoppable,,,29/09/2026 08:38
d7d19986-e532-4500-aa2f-a75466e4b35b,fossils.info,resell,,,medium,low,7,,,,01/10/2026 17:33
ad42fde4-d26d-4b38-b6a1-984029bfc7e0,oars.info,available,5.25,29.49,medium,low,4,namesilo,,,18/09/2026 11:47
099e92c4-d87a-497b-a73a-acf4185316b0,mes.info,resell,,,high,low,3,,,,29/09/2026 16:28
5e5e2cc9-1ee3-486c-8ebf-26616c4ae097,profitless.info,available,3.98,35.98,medium,low,10,namecheap,,,09/09/2026 02:50
58bf7898-4be1-4474-836c-bf66074f39f4,sacrificed.info,available,5.25,29.49,low,low,10,namesilo,,,28/09/2026 17:16
9f0c1931-dc1b-44a2-954d-d5e2fdf5480d,bangtail.info,available,5.25,29.49,medium,low,8,namesilo,,,22/09/2026 02:02
d3731863-e39a-4048-a793-bfffc9073c37,handed.info,available,3.98,35.98,medium,low,6,namecheap,,,20/08/2026 23:25
e56a51bd-8623-4c43-8971-f24b7738d2b8,stillborn.info,available,3.98,35.98,medium,low,9,namecheap,,,
e6aaf1cb-e437-44dc-b7b1-fe71b7be7353,positivity.info,resell,,,high,low,10,"Sav.com, LLC - 15",11/09/2025 17:00,11/09/2027 17:00,26/09/2026 08:15
26f08ff2-0710-4695-baa9-eebb488fb5ad,blanquillo.info,available,5.25,29.49,medium,low,10,namesilo,,,24/09/2026 04:04
38bb98fa-21b4-4a71-95f1-5790f0947759,priscilla.info,resell,,,high,low,9,,,,28/09/2026 03:51
766b54f4-531d-42b4-bcc2-797a6619bbb8,vexatious.info,available,,,medium,low,9,,,,
b8dd3efa-81a4-4b48-bac9-daf4f35bc55b,armenian.info,resell,,,high,low,8,"Sav.com, LLC",01/01/2019 10:08,01/01/2027 10:08,26/09/2026 04:01
818d9cda-fddd-4523-9e6f-aff8885d8e4f,harness.info,resell,,,high,low,7,,,,29/09/2026 01:16
9f0831e6-213b-4bb3-b86d-6d6223b9bc49,penelope.info,resell,,,medium,low,8,,,,29/09/2026 19:00
ffe46d1d-7601-4b50-95f5-4567acc725e3,stupefied.info,available,5.99,39.99,medium,low,9,name.com,,,13/08/2026 18:55
79955ff8-3028-47ea-824a-48a19c78f5bb,antitumor.info,available,5.25,29.49,high,low,9,namesilo,,,22/09/2026 06:40
03aa0829-f3cc-4215-8fe8-0bb42f8e7151,laguna.info,resell,,,high,low,6,,,,30/09/2026 10:22
b9e7e4e6-1e1c-4052-8de2-b6711f55756a,illegalize.info,available,3.98,35.98,medium,low,10,namecheap,,,04/09/2026 19:26
b7091bdf-b022-436c-9e74-e0d025d4dbb9,digitiser.info,available,5.25,29.49,high,low,9,namesilo,,,19/09/2026 01:52
d0a3caea-d846-455a-ae30-da36ac25dec6,eunice.info,available,5.25,29.49,medium,low,6,namesilo,,,29/09/2026 03:57
ef273e46-d1ae-4b7d-bdb6-f6c252bfb3c3,competition.info,resell,,,high,low,11,"GoDaddy.com, LLC",20/09/2001 16:59,20/09/2027 16:59,26/09/2026 05:09
071f6675-9b32-4504-a795-8332d9e455aa,anarchic.info,available,3.98,35.98,medium,low,8,namecheap,,,
45b9ea46-a261-4f1b-b41c-458072620d11,keeled.info,available,3.98,35.98,medium,low,6,namecheap,,,11/08/2026 19:16
919cbff5-478c-428f-a6ac-30f263093c9b,postural.info,available,3.98,35.98,medium,low,8,namecheap,,,09/09/2026 00:40
3f874a14-62cd-4964-b668-ba0c7383ecba,segment.info,resell,,,high,low,7,,,,28/09/2026 20:24
2d4f03f3-fd67-41a5-8e00-950aee283a4d,weak.info,resell,,,high,low,4,"Sav.com, LLC",14/06/2024 17:29,14/06/2027 17:29,26/09/2026 10:05
46213b2d-0a2a-4fbf-8867-5a4b694e7e6a,strengthen.info,available,5.25,29.49,high,low,10,namesilo,,,30/09/2026 15:38
38f0eb58-8519-419f-915e-8be95ed2eed4,squeezed.info,available,5.25,29.49,low,low,8,namesilo,,,30/09/2026 16:10
eb3c4a41-22c7-4250-8b57-b1fba29c3461,bordering.info,available,3.31,21.94,medium,low,9,spaceship,,,30/09/2026 12:10